Penny,Small,Mid,Large
21STCENMGM.NS,20MICRONS.NS,5PAISA.NS,360ONE.NS
3IINFOLTD.NS,AAATECH.NS,63MOONS.NS,3MINDIA.NS
3PLAND.NS,AAREYDRUGS.NS,AADHARHFC.NS,AAVAS.NS
A2ZINFRA.NS,AARON.NS,AARTIDRUGS.NS,ABB.NS
AAKASH.NS,AARTECH.NS,AARTIIND.NS,ABBOTINDIA.NS
AARNAV.NS,AARVI.NS,AARTIPHARM.NS,ABREL.NS
ABINFRA.NS,ABFRL.NS,AARTISURF.NS,ABSLAMC.NS
ABMINTLLTD.NS,ABLBL.NS,ABCAPITAL.NS,ACC.NS
ACCURACY.NS,ACL.NS,ABCOTS.NS,ACCELYA.NS
ACEINTEG.NS,ADANIPOWER.NS,ABDL.NS,ACUTAAS.NS
ADROITINFO.NS,ADL.NS,ACE.NS,ADANIENSOL.NS
AEPL.NS,ADSL.NS,ACI.NS,ADANIENT.NS
AFIL.NS,ADVANCE.NS,ACMESOLAR.NS,ADANIGREEN.NS
AGROPHOS.NS,ADVANIHOTR.NS,ADFFOODS.NS,ADANIPORTS.NS
AGSTRA.NS,ADVENTHTL.NS,ADVENZYMES.NS,ADOR.NS
AHLADA.NS,AEQUS.NS,AEGISLOG.NS,ADVAIT.NS
AIRAN.NS,AEROENTER.NS,AEGISVOPAK.NS,AETHER.NS
AJOONI.NS,AERONEU.NS,AEROFLEX.NS,AFFLE.NS
AKASH.NS,AFFORDABLE.NS,AFCONS.NS,AIAENG.NS
AKG.NS,AGRITECH.NS,AFSL.NS,AJANTPHARM.NS
AKI.NS,AHCL.NS,AGARIND.NS,AKZOINDIA.NS
AKSHAR.NS,AHLEAST.NS,AGARWALEYE.NS,ALIVUS.NS
AKSHOPTFBR.NS,AIROLAM.NS,AGI.NS,ALKEM.NS
ALANKIT.NS,AJMERA.NS,AGIIL.NS,ALKYLAMINE.NS
ALLCARGO.NS,ALEMBICLTD.NS,AHLUCONT.NS,AMBER.NS
ALMONDZ.NS,ALGOQUANT.NS,AIIL.NS,AMBIKCO.NS
ALOKINDS.NS,ALKALI.NS,AJAXENGG.NS,ANANDRATHI.NS
AMBICAAGAR.NS,ALPA.NS,AKSHARCHEM.NS,ANUP.NS
AMDIND.NS,AMANTA.NS,AKUMS.NS,ANURAS.NS
AMJLAND.NS,AMNPLST.NS,ALBERTDAVD.NS,APARINDS.NS
ANIKINDS.NS,ANDHRAPAP.NS,ALICON.NS,APLAPOLLO.NS
ANKITMETAL.NS,ANDHRSUGAR.NS,ALLDIGI.NS,APOLLOHOSP.NS
ANMOL.NS,ANUHPHR.NS,ALLTIME.NS,APOLSINHOT.NS
ANSALAPI.NS,APCL.NS,ALPHAGEO.NS,ARMANFIN.NS
ANTGRAPHIC.NS,APTECHT.NS,AMAGI.NS,ASIANPAINT.NS
AQYLON.NS,ARCHIDPLY.NS,AMBUJACEM.NS,ASTRAL.NS
ARCHIES.NS,ARFIN.NS,AMRUTANJAN.NS,ASTRAMICRO.NS
ARENTERP.NS,ARIHANTCAP.NS,ANANTRAJ.NS,ASTRAZEN.NS
AROGRANITE.NS,ARIS.NS,ANGELONE.NS,ATLANTAELE.NS
ARTNIRMAN.NS,ARKADE.NS,ANTELOPUS.NS,ATUL.NS
ASHIMASYN.NS,ARVEE.NS,ANTHEM.NS,AUROPHARMA.NS
ASHOKAMET.NS,ASHOKA.NS,APCOTEXIND.NS,AUTOAXLES.NS
ASMS.NS,ASHOKLEY.NS,APEX.NS,AVALON.NS
ASTRON.NS,ASIANTILES.NS,APLLTD.NS,AVANTIFEED.NS
ATALREAL.NS,ATAM.NS,APOLLO.NS,AXISBANK.NS
ATL.NS,ATLASCYCLE.NS,APOLLOPIPE.NS,AXISCADES.NS
ATLANTAA.NS,AURUM.NS,APOLLOTYRE.NS,AZAD.NS
AURIGROW.NS,AUSOMENT.NS,APTUS.NS,BAJAJ-AUTO.NS
AVONMORE.NS,AUTOIND.NS,ARE&M.NS,BAJAJFINSV.NS
AXITA.NS,AVANTEL.NS,ARIES.NS,BAJAJHLDNG.NS
BAGFILMS.NS,AVG.NS,ARIHANTSUP.NS,BALAMINES.NS
BAIDFIN.NS,AVROIND.NS,ARROWGREEN.NS,BALKRISIND.NS
BAJAJHIND.NS,AVTNPL.NS,ARSSBL.NS,BANARISUG.NS
BALAJEE.NS,AWL.NS,ARTEMISMED.NS,BASF.NS
BALAXI.NS,AYE.NS,ARVIND.NS,BAYERCROP.NS
BALKRISHNA.NS,AYMSYNTEX.NS,ARVINDFASN.NS,BBL.NS
BANG.NS,BAFNAPH.NS,ARVSMART.NS,BBTC.NS
BASML.NS,BAJAJHFL.NS,ASAHIINDIA.NS,BDL.NS
BCG.NS,BAJEL.NS,ASAHISONG.NS,BEML.NS
BCLIND.NS,BALAJITELE.NS,ASAL.NS,BETA.NS
BEARDSELL.NS,BALMLAWRIE.NS,ASALCBR.NS,BHARATFORG.NS
BESTAGRO.NS,BALPHARMA.NS,ASHAPURMIN.NS,BHARATRAS.NS
BHANDARI.NS,BANARBEADS.NS,ASHIANA.NS,BHARTIARTL.NS
BHARATCOAL.NS,BANDHANBNK.NS,ASIANENE.NS,BHARTIHEXA.NS
BILVYAPAR.NS,BANKA.NS,ASIANHOTNR.NS,BIRLANU.NS
BIOFILCHEM.NS,BANKINDIA.NS,ASKAUTOLTD.NS,BLUEDART.NS
BLBLIMITED.NS,BANSWRAS.NS,ASPINWALL.NS,BLUESTARCO.NS
BLUECOAST.NS,BCPL.NS,ASTEC.NS,BOSCH-HCIL.NS
BOHRAIND.NS,BECTORFOOD.NS,ASTERDM.NS,BOSCHLTD.NS
BONLON.NS,BEDMUTHA.NS,ATGL.NS,BRITANNIA.NS
BRNL.NS,BEPL.NS,ATHERENERG.NS,BSE.NS
BTML.NS,BHAGERIA.NS,ATULAUTO.NS,BUILDPRO.NS
BVCL.NS,BHARATGEAR.NS,AUBANK.NS,CAPLIPOINT.NS
BYKE.NS,BHARATSE.NS,AURIONPRO.NS,CARERATING.NS
CALSOFT.NS,BIGBLOC.NS,AVADHSUGAR.NS,CARTRADE.NS
CAPTRUST.NS,BIRLACABLE.NS,AVL.NS,CCL.NS
CCAVENUE.NS,BIRLAMONEY.NS,AWFIS.NS,CDSL.NS
CCCL.NS,BLAL.NS,AWHCL.NS,CEATLTD.NS
CCHHL.NS,BLKASHYAP.NS,BAJAJCON.NS,CEINSYS.NS
CELEBRITY.NS,BLSE.NS,BAJAJELEC.NS,CENTUM.NS
CENTEXT.NS,BLUSPRING.NS,BAJAJHCARE.NS,CERA.NS
CENTRALBK.NS,BMWVENTLTD.NS,BAJAJINDEF.NS,CHENNPETRO.NS
CENTRUM.NS,BODALCHEM.NS,BAJFINANCE.NS,CHEVIOT.NS
CEREBRAINT.NS,BOMDYEING.NS,BALRAMCHIN.NS,CHOLAFIN.NS
CIFL.NS,BOROSCI.NS,BALUFORGE.NS,CHOLAHLDNG.NS
CINEVISTA.NS,BPL.NS,BANCOINDIA.NS,CIGNITITEC.NS
COFFEEDAY.NS,BRIGHOTEL.NS,BANKBARODA.NS,CIPLA.NS
COMPINFO.NS,BROOKS.NS,BANSALWIRE.NS,COCHINSHIP.NS
COMPUSOFT.NS,BSHSL.NS,BATAINDIA.NS,COFORGE.NS
CORALFINAC.NS,BSL.NS,BBOX.NS,COLPAL.NS
COUNCODOS.NS,CAMLINFINE.NS,BBTCL.NS,CONCORDBIO.NS
CREATIVEYE.NS,CANBK.NS,BCONCEPTS.NS,COROMANDEL.NS
CTE.NS,CANHLIFE.NS,BEL.NS,CORONA.NS
CYBERMEDIA.NS,CASTROLIND.NS,BELLACASA.NS,CPPLUS.NS
DAMODARIND.NS,CESC.NS,BELRISE.NS,CRAFTSMAN.NS
DANGEE.NS,CGCL.NS,BERGEPAINT.NS,CREDITACC.NS
DAVANGERE.NS,CHEMBOND.NS,BFINVEST.NS,CRISIL.NS
DBSTOCKBRO.NS,CHEMBONDCH.NS,BFUTILITIE.NS,CUMMINSIND.NS
DCMFINSERV.NS,CHEMCON.NS,BGRENERGY.NS,DALBHARAT.NS
DCMSRIND.NS,CINELINE.NS,BHAGCHEM.NS,DATAPATTNS.NS
DCW.NS,CLEDUCATE.NS,BHAGYANGR.NS,DCMSHRIRAM.NS
DELPHIFX.NS,COASTCORP.NS,BHARATWIRE.NS,DEEPAKFERT.NS
DEN.NS,COMSYN.NS,BHEL.NS,DEEPAKNTR.NS
DEVIT.NS,CONFIPET.NS,BIKAJI.NS,DHANUKA.NS
DEVX.NS,CORDSCABLE.NS,BIL.NS,DIVISLAB.NS
DGCONTENT.NS,CPCAP.NS,BIOCON.NS,DIXON.NS
DHANBANK.NS,CPEDU.NS,BIRLACORPN.NS,DMART.NS
DHRUV.NS,CROWN.NS,BLACKBUCK.NS,DODLA.NS
DIGIDRIVE.NS,CUBEXTUB.NS,BLISSGVS.NS,DOMS.NS
DIGISPICE.NS,CUPID.NS,BLS.NS,DPABHUSHAN.NS
DIGJAMLMTD.NS,CURAA.NS,BLUEJET.NS,DRREDDY.NS
DISHTV.NS,CYBERTECH.NS,BLUESTONE.NS,DSSL.NS
DNAMEDIA.NS,DAMCAPITAL.NS,BORANA.NS,DYNAMATECH.NS
DPSCLTD.NS,DBEIL.NS,BOROLTD.NS,E2E.NS
DRCSYSTEMS.NS,DBOL.NS,BORORENEW.NS,ECLERX.NS
DSFCL.NS,DBREALTY.NS,BPCL.NS,EICHERMOT.NS
DUCON.NS,DCAL.NS,BRIGADE.NS,EIMCOELECO.NS
DWARKESH.NS,DCBBANK.NS,BSOFT.NS,EMCURE.NS
EASEMYTRIP.NS,DCM.NS,BUTTERFLY.NS,ENDURANCE.NS
ENERGYDEV.NS,DCMNVL.NS,CAMPUS.NS,ENRIN.NS
EQUIPPP.NS,DCMSIL.NS,CAMS.NS,ENTERO.NS
ESAFSFB.NS,DCXINDIA.NS,CANFINHOME.NS,EPIGRAL.NS
ESSARSHPNG.NS,DELTACORP.NS,CANTABIL.NS,ERIS.NS
ESSENTIA.NS,DELTAMAGNT.NS,CAPACITE.NS,ESABINDIA.NS
EUROTEXIND.NS,DEVYANI.NS,CAPILLARY.NS,ESCORTS.NS
EXCEL.NS,DHAMPURSUG.NS,CAPITALSFB.NS,ETHOSLTD.NS
EXXARO.NS,DIACABS.NS,CARBORUNIV.NS,FIEMIND.NS
FCL.NS,DIGITIDE.NS,CARRARO.NS,FINEORG.NS
FCSSOFT.NS,DJML.NS,CARYSIL.NS,FLUOROCHEM.NS
FEL.NS,DOLATALGO.NS,CEIGALL.NS,FORCEMOT.NS
FELDVR.NS,DONEAR.NS,CELLO.NS,FOSECOIND.NS
FIBERWEB.NS,DPWIRES.NS,CEMPRO.NS,GABRIEL.NS
FILATEX.NS,DREAMFOLKS.NS,CENTENKA.NS,GALAXYSURF.NS
FILATFASH.NS,DTIL.NS,CENTURYPLY.NS,GANECOS.NS
FISCHER.NS,ECOSMOBLTY.NS,CEWATER.NS,GESHIP.NS
FLEXITUFF.NS,EDELWEISS.NS,CGPOWER.NS,GILLETTE.NS
FLFL.NS,EKC.NS,CHALET.NS,GKWLIMITED.NS
FMNL.NS,ELECTCAST.NS,CHAMBLFERT.NS,GLAND.NS
GANGAFORGE.NS,ELGIRUBCO.NS,CHEMFAB.NS,GLAXO.NS
GATECH.NS,ELIN.NS,CHEMPLASTS.NS,GLENMARK.NS
GATECHDVR.NS,EMAMIPAP.NS,CHOICEIN.NS,GLOBUSSPR.NS
GAYAHWS.NS,EMAMIREAL.NS,CIEINDIA.NS,GODFRYPHLP.NS
GEEKAYWIRE.NS,EMIL.NS,CLEAN.NS,GODREJCP.NS
GENCON.NS,EMMBI.NS,CLEANMAX.NS,GODREJPROP.NS
GENUSPAPER.NS,ENIL.NS,CLSEL.NS,GOODLUCK.NS
GFLLIMITED.NS,EPACKPEB.NS,CMSINFO.NS,GRASIM.NS
GICL.NS,EQUITASBNK.NS,CNL.NS,GRAVITA.NS
GINNIFILA.NS,ESTER.NS,COALINDIA.NS,GRINDWELL.NS
GLFL.NS,EUROBOND.NS,COHANCE.NS,GRPLTD.NS
GLOBALE.NS,EXCELSOFT.NS,CONCOR.NS,GRSE.NS
GLOBE.NS,EXICOM.NS,CONSOFINVT.NS,GRWRHITECH.NS
GLOBECIVIL.NS,FABTECH.NS,CONTROLPR.NS,GVT&D.NS
GOKUL.NS,FEDFINA.NS,COSMOFIRST.NS,HAL.NS
GOLDENTOBC.NS,FINKURVE.NS,CRAMC.NS,HALEOSLABS.NS
GOLDTECH.NS,FINOPB.NS,CREST.NS,HAPPYFORGE.NS
GOYALALUM.NS,FINPIPE.NS,CRIZAC.NS,HAVELLS.NS
GREENPOWER.NS,FOCUS.NS,CROMPTON.NS,HCLTECH.NS
GSS.NS,FOODSIN.NS,CSBBANK.NS,HDFCAMC.NS
GTECJAINX.NS,FUSION.NS,CSLFINANCE.NS,HEROMOTOCO.NS
GTL.NS,GAEL.NS,CUB.NS,HESTERBIO.NS
GTLINFRA.NS,GAIL.NS,CYIENT.NS,HINDALCO.NS
GUJRAFFIA.NS,GANDHAR.NS,CYIENTDLM.NS,HINDUNILVR.NS
GULFPETRO.NS,GANESHBE.NS,DABUR.NS,HOMEFIRST.NS
GVKPIL.NS,GANESHCP.NS,DALMIASUG.NS,HONAUT.NS
GVPTECH.NS,GANGESSECU.NS,DATAMATICS.NS,HONDAPOWER.NS
HARDWYN.NS,GARUDA.NS,DBCORP.NS,HYUNDAI.NS
HATHWAY.NS,GATEWAY.NS,DBL.NS,ICICIAMC.NS
HAVISHA.NS,GAUDIUMIVF.NS,DCI.NS,ICICIBANK.NS
HCC.NS,GEMAROMA.NS,DDEVPLSTIK.NS,ICICIGI.NS
HCL-INSYS.NS,GEOJITFSL.NS,DECCANCE.NS,ICRA.NS
HEADSUP.NS,GHCLTEXTIL.NS,DEEDEV.NS,IFBIND.NS
HILTON.NS,GICHSGFIN.NS,DEEPINDS.NS,IKS.NS
HINDCON.NS,GILLANDERS.NS,DELHIVERY.NS,IMFA.NS
HLVLTD.NS,GIPCL.NS,DENORA.NS,IMPAL.NS
HMAAGRO.NS,GKENERGY.NS,DENTA.NS,INDIAMART.NS
HPAL.NS,GKSL.NS,DHARMAJ.NS,INDIGO.NS
HTMEDIA.NS,GLOBAL.NS,DHUNINV.NS,INDOTECH.NS
HYBRIDFIN.NS,GLOTTIS.NS,DIAMINESQ.NS,INFY.NS
IBULLSLTD.NS,GMRAIRPORT.NS,DIAMONDYD.NS,INGERRAND.NS
ICDSLTD.NS,GMRP&UI.NS,DICIND.NS,INOXINDIA.NS
IDEA.NS,GPPL.NS,DIFFNKG.NS,INTERARCH.NS
IL&FSENGG.NS,GPTHEALTH.NS,DIVGIITTS.NS,IPCALAB.NS
IL&FSTRANS.NS,GPTINFRA.NS,DLF.NS,ISGEC.NS
IMAGICAA.NS,GREAVESCOT.NS,DLINKINDIA.NS,JBCHEPHARM.NS
IMPEXFERRO.NS,GRMOVER.NS,DMCC.NS,JINDALPHOT.NS
INCREDIBLE.NS,GROWW.NS,DOLLAR.NS,JINDALSTEL.NS
INDBANK.NS,GSFC.NS,DOLPHIN.NS,JKCEMENT.NS
INDORAMA.NS,GSLSU.NS,DREDGECORP.NS,JLHL.NS
INDOWIND.NS,GTPL.NS,DVL.NS,JPOLYINVST.NS
INDTERRAIN.NS,GULPOLY.NS,DYCL.NS,JSWHL.NS
INFOMEDIA.NS,HBSL.NS,DYNPRO.NS,JSWSTEEL.NS
INVENTURE.NS,HECPROJECT.NS,EBGNG.NS,JUBLCPL.NS
IOB.NS,HEIDELBERG.NS,EFCIL.NS,KAJARIACER.NS
IRB.NS,HEMIPROP.NS,EIDPARRY.NS,KAYNES.NS
IRISDOREME.NS,HEXATRADEX.NS,EIEL.NS,KDDL.NS
IVC.NS,HFCL.NS,EIFFL.NS,KEI.NS
JAIPURKURT.NS,HGM.NS,EIHAHOTELS.NS,KERNEX.NS
JETFREIGHT.NS,HIKAL.NS,EIHOTEL.NS,KICL.NS
JHS.NS,HILINFRA.NS,ELDEHSG.NS,KINGFA.NS
JINDWORLD.NS,HIMATSEIDE.NS,ELECON.NS,KIRLOSBROS.NS
JISLDVREQS.NS,HINDOILEXP.NS,ELECTHERM.NS,KIRLOSENG.NS
JISLJALEQS.NS,HISARMETAL.NS,ELGIEQUIP.NS,KIRLOSIND.NS
JPPOWER.NS,HITECH.NS,ELLEN.NS,KIRLPNU.NS
JYOTISTRUC.NS,HITECHCORP.NS,EMAMILTD.NS,KMEW.NS
KAMDHENU.NS,HMT.NS,EMKAY.NS,KPIL.NS
KAMOPAINTS.NS,HMVL.NS,EMMVEE.NS,KRISHNADEF.NS
KANANIIND.NS,HPIL.NS,EMSLIMITED.NS,KRN.NS
KCPSUGIND.NS,HUDCO.NS,EMUDHRA.NS,LALPATHLAB.NS
KEEPLEARN.NS,HUHTAMAKI.NS,ENGINERSIN.NS,LAURUSLABS.NS
KELLTONTEC.NS,IDBI.NS,EPACK.NS,LGBBROSLTD.NS
KESORAMIND.NS,IDFCFIRSTB.NS,EPL.NS,LGEINDIA.NS
KHANDSE.NS,IEX.NS,ETERNAL.NS,LINDEINDIA.NS
KMSUGAR.NS,IFCI.NS,EUREKAFORB.NS,LLOYDSME.NS
KOHINOOR.NS,IFGLEXPOR.NS,EUROPRATIK.NS,LMW.NS
KOTARISUG.NS,IGCL.NS,EVEREADY.NS,LT.NS
KRIDHANINF.NS,IGL.NS,EVERESTIND.NS,LTM.NS
KRITIKA.NS,IITL.NS,EXCELINDUS.NS,LTTS.NS
KSHITIJPOL.NS,IKIO.NS,EXIDEIND.NS,LUMAXIND.NS
KSR.NS,INA.NS,EXPLEOSOL.NS,LUMAXTECH.NS
KWIL.NS,INDIQUBE.NS,FACT.NS,LUPIN.NS
LAKPRE.NS,INDOAMIN.NS,FAIRCHEMOR.NS,LUXIND.NS
LAL.NS,INDOFARM.NS,FAZE3Q.NS,M&M.NS
LANCORHOL.NS,INDOUS.NS,FDC.NS,MACPOWER.NS
LASA.NS,INDSWFTLAB.NS,FEDERALBNK.NS,MAHSCOOTER.NS
LATTEYS.NS,INFOBEAN.NS,FINCABLES.NS,MAITHANALL.NS
LAXMICOT.NS,INOXGREEN.NS,FIRSTCRY.NS,MALLCOM.NS
LCCINFOTEC.NS,INOXWIND.NS,FIVESTAR.NS,MANKIND.NS
LEXUS.NS,INSPIRISYS.NS,FLAIR.NS,MANORAMA.NS
LIBAS.NS,INTENTECH.NS,FMGOETZE.NS,MARUTI.NS
LPDC.NS,INTLCONV.NS,FORTIS.NS,MASTEK.NS
LYPSAGEMS.NS,IOC.NS,FRACTAL.NS,MAXHEALTH.NS
MADHAV.NS,IOLCP.NS,FSL.NS,MAZDOCK.NS
MADHUCON.NS,IPL.NS,GALAPREC.NS,MCX.NS
MAGNUM.NS,IRCON.NS,GALLANTT.NS,MEDANTA.NS
MALUPAPER.NS,IREDA.NS,GANDHITUBE.NS,METROBRAND.NS
MANAKALUCO.NS,IRFC.NS,GANESHHOU.NS,MFSL.NS
MANGALAM.NS,ISFT.NS,GARFIBRES.NS,MGL.NS
MANUGRAPH.NS,ISHANCH.NS,GCSL.NS,MIDWESTLTD.NS
MARALOVER.NS,ITCHOTELS.NS,GEECEE.NS,MPHASIS.NS
MBLINFRA.NS,IVP.NS,GENESYS.NS,MPSLTD.NS
MCLOUD.NS,IXIGO.NS,GENUSPOWER.NS,MRF.NS
MEDICO.NS,J&KBANK.NS,GHCL.NS,MTARTECH.NS
MEP.NS,JAGRAN.NS,GICRE.NS,MUTHOOTFIN.NS
MFML.NS,JAGSNPHARM.NS,GLOBALVECT.NS,NAM-INDIA.NS
MGEL.NS,JAIBALAJI.NS,GLOSTERLTD.NS,NATCOPHARM.NS
MICEL.NS,JAICORPLTD.NS,GMBREW.NS,NAUKRI.NS
MIRCELECTR.NS,JAMNAAUTO.NS,GMDCLTD.NS,NAVINFLUOR.NS
MIRZAINT.NS,JAYBARMARU.NS,GMMPFAUDLR.NS,NBIFIN.NS
MITTAL.NS,JAYKAY.NS,GNA.NS,NDGL.NS
MKPL.NS,JAYNECOIND.NS,GNFC.NS,NEOGEN.NS
MODTHREAD.NS,JAYSREETEA.NS,GOACARBON.NS,NESCO.NS
MOHITIND.NS,JKIPL.NS,GOCLCORP.NS,NESTLEIND.NS
MOKSH.NS,JMA.NS,GOCOLORS.NS,NETWEB.NS
MORARJEE.NS,JMFINANCIL.NS,GODAVARIB.NS,NEULANDLAB.NS
MOREPENLAB.NS,JOCIL.NS,GODIGIT.NS,NGLFINE.NS
MOTISONS.NS,JSWCEMENT.NS,GODREJAGRO.NS,NH.NS
MOTOGENFIN.NS,JTEKTINDIA.NS,GODREJIND.NS,NIBE.NS
MSPL.NS,JTLIND.NS,GOKEX.NS,NILKAMAL.NS
MSUMI.NS,KAKATCEM.NS,GOKULAGRO.NS,NPST.NS
MTEDUCARE.NS,KALAMANDIR.NS,GOLDIAM.NS,NSIL.NS
MTNL.NS,KALYANI.NS,GOPAL.NS,NUVAMA.NS
MUKKA.NS,KAMATHOTEL.NS,GPIL.NS,OBEROIRLTY.NS
MUKTAARTS.NS,KANORICHEM.NS,GRANULES.NS,OFSS.NS
MURUDCERA.NS,KARMAENG.NS,GRAPHITE.NS,OLECTRA.NS
NAGAFERT.NS,KAVDEFENCE.NS,GREENLAM.NS,ONESOURCE.NS
NAGREEKCAP.NS,KCP.NS,GREENPANEL.NS,ORISSAMINE.NS
NAGREEKEXP.NS,KECL.NS,GREENPLY.NS,PAGEIND.NS
NARMADA.NS,KHADIM.NS,GRINFRA.NS,PAYTM.NS
NAVKARURB.NS,KHAICHEM.NS,GROBTEA.NS,PERSISTENT.NS
NDL.NS,KHAITANLTD.NS,GSPCROP.NS,PFIZER.NS
NECCLTD.NS,KILITCH.NS,GSPL.NS,PGHH.NS
NECLIFE.NS,KITEX.NS,GUFICBIO.NS,PGHL.NS
NETWORK18.NS,KNRCON.NS,GUJALKALI.NS,PGIL.NS
NEXTMEDIA.NS,KOKUYOCMLN.NS,GUJAPOLLO.NS,PHOENIXLTD.NS
NGIL.NS,KOPRAN.NS,GUJGASLTD.NS,PIDILITIND.NS
NIBL.NS,KOTHARIPET.NS,GUJTHEM.NS,PIIND.NS
NILAINFRA.NS,KOTHARIPRO.NS,GULFOILLUB.NS,PILANIINVS.NS
NILASPACES.NS,KREBSBIO.NS,GVPIL.NS,PIRAMALFIN.NS
NIRAJ.NS,KRITI.NS,HALDER.NS,PIXTRANS.NS
NOIDATOLL.NS,KRITINUT.NS,HAPPSTMNDS.NS,POCL.NS
NOVAAGRI.NS,KRONOX.NS,HARIOMPIPE.NS,POLICYBZR.NS
NSLNISP.NS,KROSS.NS,HARRMALAYA.NS,POLYCAB.NS
ODIGMA.NS,KUANTUM.NS,HARSHA.NS,POLYMED.NS
OLAELEC.NS,LAGNAM.NS,HATSUN.NS,POWERINDIA.NS
OMKARCHEM.NS,LAMBODHARA.NS,HBLENGINE.NS,POWERMECH.NS
ONELIFECAP.NS,LAOPALA.NS,HCG.NS,PREMIERENE.NS
ONMOBILE.NS,LAXMIDENTL.NS,HDBFS.NS,PRESTIGE.NS
ORCHASP.NS,LAXMIINDIA.NS,HDFCBANK.NS,PRIVISCL.NS
ORIENTALTL.NS,LEMONTREE.NS,HDFCLIFE.NS,PRUDENT.NS
ORIENTCER.NS,LFIC.NS,HEG.NS,PTCIL.NS
ORIENTPPR.NS,LINC.NS,HERANBA.NS,PUNJABCHEM.NS
ORTEL.NS,LLOYDSENGG.NS,HERITGFOOD.NS,QPOWER.NS
ORTINGLOBE.NS,LLOYDSENT.NS,HEXT.NS,RACLGEAR.NS
OSIAHYPER.NS,LORDSCHLO.NS,HGINFRA.NS,RADICO.NS
OSWALGREEN.NS,LOTUSDEV.NS,HGS.NS,RAINBOW.NS
OSWALSEEDS.NS,LOTUSEYE.NS,HINDCOMPOS.NS,RAMCOCEM.NS
PAISALO.NS,LOVABLE.NS,HINDCOPPER.NS,RANEHOLDIN.NS
PALREDTEC.NS,LXCHEM.NS,HINDPETRO.NS,RATNAMANI.NS
PARACABLES.NS,LYKALABS.NS,HINDWAREAP.NS,RELIANCE.NS
PARASPETRO.NS,MAANALU.NS,HINDZINC.NS,RPGLIFE.NS
PARSVNATH.NS,MADRASFERT.NS,HIRECT.NS,RRKABEL.NS
PASUPTAC.NS,MAHABANK.NS,HITECHGEAR.NS,SAFARI.NS
PATELENG.NS,MAHAPEXLTD.NS,HLEGLAS.NS,SANDESH.NS
PATINTLOG.NS,MAHEPC.NS,HNDFDS.NS,SANOFI.NS
PAVNAIND.NS,MAHESHWARI.NS,HONASA.NS,SANOFICONR.NS
PCJEWELLER.NS,MANAKCOAT.NS,HPL.NS,SANSERA.NS
PEARLPOLY.NS,MANAKSIA.NS,HSCL.NS,SASKEN.NS
PENINLAND.NS,MANAKSTEEL.NS,HUBTOWN.NS,SBILIFE.NS
PFS.NS,MANALIPETC.NS,ICEMAKE.NS,SBIN.NS
PILITA.NS,MANBA.NS,ICICIPRULI.NS,SCHAEFFLER.NS
PIONEEREMB.NS,MANCREDIT.NS,ICIL.NS,SCHNEIDER.NS
PLAZACABLE.NS,MANINFRA.NS,IDEAFORGE.NS,SEAMECLTD.NS
PNC.NS,MARKOLINES.NS,IFBAGRO.NS,SEDEMAC.NS
PRAENG.NS,MARKSANS.NS,IGARASHI.NS,SHAILY.NS
PRAKASHSTL.NS,MARSONS.NS,IGIL.NS,SHARDACROP.NS
PRAXIS.NS,MASKINVEST.NS,IGPL.NS,SHILCTECH.NS
PREMIER.NS,MASTERTR.NS,IIFL.NS,SHREECEM.NS
PRIMO.NS,MAWANASUG.NS,IIFLCAPS.NS,SHRIPISTON.NS
PRITIKAUTO.NS,MAXIND.NS,INDGN.NS,SHRIRAMFIN.NS
PRUDMOULI.NS,MCL.NS,INDHOTEL.NS,SIEMENS.NS
PSB.NS,MCLEODRUSS.NS,INDIACEM.NS,SJS.NS
PTL.NS,MEESHO.NS,INDIAGLYCO.NS,SKFINDIA.NS
PVP.NS,MENONBE.NS,INDIANB.NS,SKFINDUS.NS
RADAAN.NS,MHLXMIRU.NS,INDIANCARD.NS,SMLMAH.NS
RADIANTCMS.NS,MITCON.NS,INDIANHUME.NS,SOBHA.NS
RADIOCITY.NS,MMTC.NS,INDIASHLTR.NS,SOLARINDS.NS
RAJMET.NS,MODIRUBBER.NS,INDIGOPNTS.NS,SOLEX.NS
RAJRILTD.NS,MODISONLTD.NS,INDNIPPON.NS,SPECTRUM.NS
RAJSREESUG.NS,MOL.NS,INDOBORAX.NS,SRF.NS
RAJTV.NS,MOLDTECH.NS,INDOCO.NS,STAR.NS
RAMANEWS.NS,MONEYBOXX.NS,INDOSTAR.NS,STYLAMIND.NS
RAMASTEEL.NS,MOSCHIP.NS,INDOTHAI.NS,STYRENIX.NS
RANASUG.NS,MOTHERSON.NS,INDRAMEDCO.NS,SUMMITSEC.NS
RCOM.NS,MRPL.NS,INDUSINDBK.NS,SUNCLAY.NS
REGENCERAM.NS,MUFIN.NS,INDUSTOWER.NS,SUNDARMFIN.NS
RENUKA.NS,MUFTI.NS,INNOVACAP.NS,SUNPHARMA.NS
RETAIL.NS,MUKANDLTD.NS,INNOVANA.NS,SUPREMEIND.NS
RHETAN.NS,MUNJALAU.NS,INNOVISION.NS,SWANDEF.NS
RKDL.NS,MUNJALSHOW.NS,INSECTICID.NS,SWARAJENG.NS
RKEC.NS,MUTHOOTMF.NS,INTELLECT.NS,TASTYBITE.NS
RMDRIP.NS,MVGJL.NS,IONEXCHANG.NS,TATACOMM.NS
RNBDENIMS.NS,NACLIND.NS,IRCTC.NS,TATACONSUM.NS
ROLLT.NS,NAHARINDUS.NS,IRIS.NS,TATAELXSI.NS
ROML.NS,NATCAPSUQ.NS,IRMENERGY.NS,TATVA.NS
RPOWER.NS,NATHBIOGEN.NS,ITC.NS,TBOTEK.NS
RPPL.NS,NAVKARCORP.NS,ITDC.NS,TCI.NS
RSSOFTWARE.NS,NAVNETEDUL.NS,ITI.NS,TCPLPACK.NS
RTNINDIA.NS,NBCC.NS,IVALUE.NS,TCS.NS
RTNPOWER.NS,NCC.NS,IZMO.NS,TEAMLEASE.NS
RUCHINFRA.NS,NCLIND.NS,JAINREC.NS,TECHM.NS
RUDRA.NS,NDLVENTURE.NS,JARO.NS,TECHNOE.NS
RUSHIL.NS,NDTV.NS,JASH.NS,TEGA.NS
RVHL.NS,NELCAST.NS,JAYAGROGN.NS,THANGAMAYL.NS
SABEVENTS.NS,NFL.NS,JBMA.NS,THEJO.NS
SADBHAV.NS,NHPC.NS,JGCHEM.NS,THERMAX.NS
SADBHIN.NS,NIACL.NS,JINDALPOLY.NS,TIIL.NS
SADHNANIQ.NS,NIITLTD.NS,JINDALSAW.NS,TIINDIA.NS
SAGARDEEP.NS,NITCO.NS,JINDRILL.NS,TIMKEN.NS
SAGILITY.NS,NIVABUPA.NS,JIOFIN.NS,TITAN.NS
SAKHTISUG.NS,NKIND.NS,JITFINFRA.NS,TORNTPHARM.NS
SAKUMA.NS,NMDC.NS,JKIL.NS,TORNTPOWER.NS
SALASAR.NS,NOCIL.NS,JKLAKSHMI.NS,TRAVELFOOD.NS
SAMBHAAV.NS,NORBTEAEXP.NS,JKPAPER.NS,TRENT.NS
SAMPANN.NS,NRL.NS,JKTYRE.NS,TVSHLTD.NS
SANCO.NS,NTPCGREEN.NS,JNKINDIA.NS,TVSMOTOR.NS
SANGINITA.NS,OBCL.NS,JSFB.NS,TVSSRICHAK.NS
SARVESHWAR.NS,OCCLLTD.NS,JSL.NS,UBL.NS
SBC.NS,OILCOUNTUB.NS,JSLL.NS,ULTRACEMCO.NS
SBGLP.NS,OMAXAUTO.NS,JSWENERGY.NS,UNITDSPR.NS
SCILAL.NS,OMAXE.NS,JSWINFRA.NS,UNOMINDA.NS
SECURKLOUD.NS,OMFREIGHT.NS,JUBLFOOD.NS,UTIAMC.NS
SELMC.NS,OMINFRAL.NS,JUBLINGREA.NS,VADILALIND.NS
SEPC.NS,ONEPOINT.NS,JUBLPHARMA.NS,VEEDOL.NS
SETCO.NS,ORBTEXP.NS,JUNIPER.NS,VENKEYS.NS
SETUINFRA.NS,ORICONENT.NS,JUSTDIAL.NS,VENUSPIPES.NS
SEYAIND.NS,ORIENTCEM.NS,JWL.NS,VENUSREM.NS
SGL.NS,ORIENTELEC.NS,JYOTHYLAB.NS,VHL.NS
SHAH.NS,ORIENTHOT.NS,JYOTICNC.NS,VIJAYA.NS
SHANTI.NS,ORIENTLTD.NS,KABRAEXTRU.NS,VINATIORGA.NS
SHEKHAWATI.NS,OSWALAGRO.NS,KALPATARU.NS,VINDHYATEL.NS
SHIVAMAUTO.NS,PACEDIGITK.NS,KALYANIFRG.NS,VOLTAMP.NS
SHRADHA.NS,PAKKA.NS,KALYANKJIL.NS,VOLTAS.NS
SHREERAMA.NS,PALASHSECU.NS,KANPRPLA.NS,VSTTILLERS.NS
SHRENIK.NS,PAR.NS,KANSAINER.NS,WAAREEENER.NS
SHYAMCENT.NS,PARADEEP.NS,KAPSTON.NS,WAAREERTL.NS
SHYAMTEL.NS,PARKHOTELS.NS,KARURVYSYA.NS,WABAG.NS
SIGACHI.NS,PASHUPATI.NS,KAUSHALYA.NS,WELCORP.NS
SIGMA.NS,PDMJEPAPER.NS,KAYA.NS,WELINV.NS
SIKKO.NS,PENIND.NS,KEC.NS,WENDT.NS
SIL.NS,PIGL.NS,KEYFINSERV.NS,WHEELS.NS
SILLYMONKS.NS,PINELABS.NS,KFINTECH.NS,WOCKPHARMA.NS
SIMBHALS.NS,PLASTIBLEN.NS,KIMS.NS,XPROINDIA.NS
SINDHUTRAD.NS,PNB.NS,KIOCL.NS,YASHO.NS
SITINET.NS,PNBGILTS.NS,KIRIINDUS.NS,ZENTEC.NS
SNOWMAN.NS,PPLPHARMA.NS,KKCL.NS,ZFCVINDIA.NS
SOUTHBANK.NS,PRABHA.NS,KNAGRI.NS,ZOTA.NS
SPCENET.NS,PRAKASH.NS,KOLTEPATIL.NS,
SPENCERS.NS,PRECAM.NS,KOTAKBANK.NS,
SPLIL.NS,PREMIERPOL.NS,KOTYARK.NS,
SRD.NS,PRITI.NS,KPEL.NS,
SRTL.NS,PROSTARM.NS,KPIGREEN.NS,
STEELXIND.NS,PROZONER.NS,KPITTECH.NS,
STLNETWORK.NS,PRSMJOHNSN.NS,KPRMILL.NS,
SUBEXLTD.NS,PTC.NS,KRBL.NS,
SUMEETINDS.NS,PVSL.NS,KRISHANA.NS,
SUNDARAM.NS,PWL.NS,KRISHIVAL.NS,
SUPERSPIN.NS,PYRAMID.NS,KRSNAA.NS,
SUPREMEENG.NS,QUESS.NS,KRYSTAL.NS,
SURANASOL.NS,QUICKHEAL.NS,KSB.NS,
SURANAT&P.NS,RACE.NS,KSCL.NS,
SUTLEJTEX.NS,RADHIKAJWE.NS,KSHINTL.NS,
SUVIDHAA.NS,RAIN.NS,KSL.NS,
SVPGLOB.NS,RAJESHEXPO.NS,KSOLVES.NS,
SYNCOMF.NS,RAJOOENG.NS,KTKBANK.NS,
TAKE.NS,RAMAPHO.NS,LANDMARK.NS,
TARAPUR.NS,RATNAVEER.NS,LATENTVIEW.NS,
TCIFINANCE.NS,RBA.NS,LEMERITE.NS,
TECILCHEM.NS,RBZJEWEL.NS,LENSKART.NS,
TEXMOPIPES.NS,RCF.NS,LGHL.NS,
TFL.NS,REDTAPE.NS,LIBERTSHOE.NS,
TGBHOTELS.NS,REGAAL.NS,LICHSGFIN.NS,
TICL.NS,RELCHEMQ.NS,LICI.NS,
TIGERLOGS.NS,RELIABLE.NS,LIKHITHA.NS,
TIJARIA.NS,RELINFRA.NS,LINCOLN.NS,
TIRUPATIFL.NS,RELTD.NS,LODHA.NS,
TNTELE.NS,REMSONSIND.NS,LOKESHMACH.NS,
TPHQ.NS,REPL.NS,LOYALTEX.NS,
TRACXN.NS,RESPONIND.NS,LTF.NS,
TREEHOUSE.NS,RGL.NS,LTFOODS.NS,
TREL.NS,RHL.NS,M&MFIN.NS,
TRIDENT.NS,RICOAUTO.NS,MAGADSUGAR.NS,
TRU.NS,RKSWAMY.NS,MAHASTEEL.NS,
TTL.NS,ROLEXRINGS.NS,MAHLIFE.NS,
TTML.NS,ROSSELLIND.NS,MAHLOG.NS,
TVVISION.NS,ROTO.NS,MAHSEAMLES.NS,
UCOBANK.NS,RPPINFRA.NS,MAMATA.NS,
UGARSUGAR.NS,RSL.NS,MANAPPURAM.NS,
UMAEXPORTS.NS,RSWM.NS,MANGLMCEM.NS,
UMESLTD.NS,RUBFILA.NS,MANINDS.NS,
UNIINFO.NS,RUCHIRA.NS,MANOMAY.NS,
UNITECH.NS,RUPA.NS,MANORG.NS,
UNITEDPOLY.NS,SAGCEM.NS,MANYAVAR.NS,
URJA.NS,SAIL.NS,MAPMYINDIA.NS,
USK.NS,SAKSOFT.NS,MARATHON.NS,
UTKARSHBNK.NS,SALSTEEL.NS,MARICO.NS,
UYFINCORP.NS,SAMBHV.NS,MARINE.NS,
VAISHALI.NS,SAMHI.NS,MASFIN.NS,
VAKRANGEE.NS,SAMMAANCAP.NS,MATRIMONY.NS,
VARDHACRLC.NS,SANSTAR.NS,MAXESTATES.NS,
VARDMNPOLY.NS,SAPPHIRE.NS,MAYURUNIQ.NS,
VASCONEQ.NS,SARLAPOLY.NS,MAZDA.NS,
VCL.NS,SATIA.NS,MBAPL.NS,
VIJIFIN.NS,SATIN.NS,MBEL.NS,
VIKASECO.NS,SAURASHCEM.NS,MEDIASSIST.NS,
VIKASLIFE.NS,SBFC.NS,MEDICAMEQ.NS,
VINEETLAB.NS,SCHAND.NS,MEDPLUS.NS,
VINNY.NS,SCODATUBES.NS,MEGASTAR.NS,
VIPCLOTHNG.NS,SDBL.NS,MEIL.NS,
VIPULLTD.NS,SECMARK.NS,METROPOLIS.NS,
VIRINCHI.NS,SERVOTECH.NS,MHRIL.NS,
VISASTEEL.NS,SETL.NS,MIDHANI.NS,
VISHWARAJ.NS,SHADOWFAX.NS,MINDACORP.NS,
VIVIDHA.NS,SHAHALLOYS.NS,MINDTECK.NS,
VIVIMEDLAB.NS,SHALBY.NS,MMFL.NS,
VLEGOV.NS,SHALPAINTS.NS,MMP.NS,
VMSTMT.NS,SHANKARA.NS,MOBIKWIK.NS,
VPRPL.NS,SHANTIGOLD.NS,MODINATUR.NS,
WILLAMAGOR.NS,SHAREINDIA.NS,MODIS.NS,
WINSOME.NS,SHEMAROO.NS,MOIL.NS,
XTGLOBAL.NS,SHIVAMILLS.NS,MOLDTKPAC.NS,
YESBANK.NS,SHIVATEX.NS,MONARCH.NS,
ZEELEARN.NS,SHK.NS,MONTECARLO.NS,
ZEEMEDIA.NS,SHREDIGCEM.NS,MOTILALOFS.NS,
ZENITHSTL.NS,SHREYANIND.NS,MSTCLTD.NS,
,SHRIRAMPPS.NS,MUTHOOTCAP.NS,
,SICALLOG.NS,MWL.NS,
,SIGIND.NS,NAHARCAP.NS,
,SIGMAADV.NS,NAHARPOLY.NS,
,SILGO.NS,NAHARSPING.NS,
,SILVERTUC.NS,NATIONALUM.NS,
,SINCLAIR.NS,NAVA.NS,
,SINGERIND.NS,NAZARA.NS,
,SINTERCOM.NS,NDRAUTO.NS,
,SJVN.NS,NELCO.NS,
,SKMEGGPROD.NS,NEPHROPLUS.NS,
,SMARTLINK.NS,NEWGEN.NS,
,SMCGLOBAL.NS,NIITMTS.NS,
,SMLT.NS,NINSYS.NS,
,SOLARWORLD.NS,NIPPOBATRY.NS,
,SOMATEX.NS,NIRAJISPAT.NS,
,SOMICONVEY.NS,NITINSPIN.NS,
,SONAMLTD.NS,NITIRAJ.NS,
,SPARC.NS,NLCINDIA.NS,
,SPECIALITY.NS,NORTHARC.NS,
,SPIC.NS,NRAIL.NS,
,SPORTKING.NS,NRBBEARING.NS,
,SREEL.NS,NTPC.NS,
,SSDL.NS,NUCLEUS.NS,
,STALLION.NS,NURECA.NS,
,STANLEY.NS,NUVOCO.NS,
,STARPAPER.NS,NYKAA.NS,
,STCINDIA.NS,OAL.NS,
,STEELCITY.NS,OIL.NS,
,SUKHJITS.NS,OMNI.NS,
,SULA.NS,ONGC.NS,
,SUMIT.NS,ONWARDTEC.NS,
,SUPERHOUSE.NS,OPTIEMUS.NS,
,SUPREME.NS,ORCHPHARMA.NS,
,SUPREMEINF.NS,ORIENTBELL.NS,
,SURYALAXMI.NS,ORIENTTECH.NS,
,SURYODAY.NS,ORKLAINDIA.NS,
,SUVEN.NS,OSWALPUMPS.NS,
,SUZLON.NS,PANACEABIO.NS,
,SWSOLAR.NS,PANACHE.NS,
,SYSTMTXC.NS,PANAMAPET.NS,
,TARACHAND.NS,PANSARI.NS,
,TARC.NS,PARAGMILK.NS,
,TARMAT.NS,PARAS.NS,
,TBZ.NS,PARKHOSPS.NS,
,TEXINFRA.NS,PATANJALI.NS,
,TEXRAIL.NS,PATELRMART.NS,
,TFCILTD.NS,PAUSHAKLTD.NS,
,THEINVEST.NS,PCBL.NS,
,THEMISMED.NS,PDSL.NS,
,THOMASCOOK.NS,PETRONET.NS,
,TIMETECHNO.NS,PFC.NS,
,TNPETRO.NS,PFOCUS.NS,
,TNPL.NS,PGEL.NS,
,TOKYOPLAST.NS,PICCADIL.NS,
,TOLINS.NS,PITTIENG.NS,
,TOTAL.NS,PKTEA.NS,
,TOUCHWOOD.NS,PLATIND.NS,
,TPLPLASTEH.NS,PNBHOUSING.NS,
,TRANSWORLD.NS,PNCINFRA.NS,
,TREJHARA.NS,PNGJL.NS,
,TRIGYN.NS,PNGSREVA.NS,
,TVSSCS.NS,PODDARMENT.NS,
,TVTODAY.NS,POKARNA.NS,
,UCAL.NS,POLYPLEX.NS,
,UDS.NS,PONNIERODE.NS,
,UEL.NS,POONAWALLA.NS,
,UFO.NS,POWERGRID.NS,
,UGROCAP.NS,PPAP.NS,
,UJJIVANSFB.NS,PPL.NS,
,UMIYA-MRO.NS,PRAJIND.NS,
,UNIECOM.NS,PRECOT.NS,
,UNIENTER.NS,PRECWIRE.NS,
,UNIONBANK.NS,PREMEXPLN.NS,
,UNIVASTU.NS,PRICOLLTD.NS,
,URAVIDEF.NS,PRIMESECU.NS,
,URBANCO.NS,PRINCEPIPE.NS,
,V2RETAIL.NS,PROTEAN.NS,
,VALIANTLAB.NS,PSPPROJECT.NS,
,VASWANI.NS,PURVA.NS,
,VERANDA.NS,PVRINOX.NS,
,VERTOZ.NS,QUADFUTURE.NS,
,VETO.NS,RAILTEL.NS,
,VGL.NS,RAJRATAN.NS,
,VHLTD.NS,RALLIS.NS,
,VIDYAWIRES.NS,RAMCOIND.NS,
,VIKRAN.NS,RAMCOSYS.NS,
,VINCOFE.NS,RAMKY.NS,
,VISAKAIND.NS,RAMRAT.NS,
,VITAL.NS,RATEGAIN.NS,
,VMM.NS,RAYMOND.NS,
,VRAJ.NS,RAYMONDLSL.NS,
,VSTL.NS,RAYMONDREL.NS,
,WAKEFIT.NS,RBLBANK.NS,
,WALCHANNAG.NS,RECLTD.NS,
,WCIL.NS,REDINGTON.NS,
,WEBELSOLAR.NS,REFEX.NS,
,WEIZMANIND.NS,RELAXO.NS,
,WEL.NS,RELIGARE.NS,
,WELSPUNLIV.NS,REPCOHOME.NS,
,WEWIN.NS,REPRO.NS,
,WIPL.NS,RHIM.NS,
,WORTHPERI.NS,RIIL.NS,
,WSI.NS,RISHABH.NS,
,XCHANGING.NS,RITCO.NS,
,XELPMOC.NS,RITES.NS,
,YATRA.NS,RKFORGE.NS,
,ZEEL.NS,RML.NS,
,ZIMLAB.NS,ROHLTD.NS,
,ZODIACLOTH.NS,ROSSARI.NS,
,,ROSSTECH.NS,
,,ROUTE.NS,
,,RPEL.NS,
,,RPSGVENT.NS,
,,RPTECH.NS,
,,RSYSTEMS.NS,
,,RUBICON.NS,
,,RUBYMILLS.NS,
,,RUSTOMJEE.NS,
,,RVNL.NS,
,,RVTH.NS,
,,S&SPOWER.NS,
,,SAATVIKGL.NS,
,,SAHYADRI.NS,
,,SAILIFE.NS,
,,SAKAR.NS,
,,SALONA.NS,
,,SALZERELEC.NS,
,,SANATHAN.NS,
,,SANDHAR.NS,
,,SANDUMA.NS,
,,SANGAMIND.NS,
,,SANGHVIMOV.NS,
,,SARDAEN.NS,
,,SAREGAMA.NS,
,,SASTASUNDR.NS,
,,SBCL.NS,
,,SBICARD.NS,
,,SCI.NS,
,,SCPL.NS,
,,SEJALLTD.NS,
,,SEMAC.NS,
,,SENCO.NS,
,,SENORES.NS,
,,SESHAPAPER.NS,
,,SFL.NS,
,,SGFIN.NS,
,,SGIL.NS,
,,SGMART.NS,
,,SHAKTIPUMP.NS,
,,SHANTIGEAR.NS,
,,SHARDAMOTR.NS,
,,SHILPAMED.NS,
,,SHIVALIK.NS,
,,SHIVAUM.NS,
,,SHOPERSTOP.NS,
,,SHREEJISPG.NS,
,,SHREEPUSHK.NS,
,,SHRINGARMS.NS,
,,SHYAMMETL.NS,
,,SIGNATURE.NS,
,,SIGNPOST.NS,
,,SILINV.NS,
,,SIMPLEXINF.NS,
,,SIRCA.NS,
,,SIS.NS,
,,SIYSIL.NS,
,,SKIPPER.NS,
,,SKYGOLD.NS,
,,SMARTWORKS.NS,
,,SMSPHARMA.NS,
,,SOFTTECH.NS,
,,SOLARA.NS,
,,SOMANYCERA.NS,
,,SONACOMS.NS,
,,SONATSOFTW.NS,
,,SOTL.NS,
,,SOUTHWEST.NS,
,,SPAL.NS,
,,SPANDANA.NS,
,,SPLPETRO.NS,
,,SPMLINFRA.NS,
,,SRGHFL.NS,
,,SRHHYPOLTD.NS,
,,SRM.NS,
,,SSWL.NS,
,,STARCEMENT.NS,
,,STARHEALTH.NS,
,,STARTECK.NS,
,,STEELCAS.NS,
,,STEL.NS,
,,STERTOOLS.NS,
,,STLTECH.NS,
,,STOVEKRAFT.NS,
,,STUDDS.NS,
,,STYL.NS,
,,STYLEBAAZA.NS,
,,SUBROS.NS,
,,SUDARCOLOR.NS,
,,SUDARSCHEM.NS,
,,SUDEEPPHRM.NS,
,,SUMICHEM.NS,
,,SUNDRMBRAK.NS,
,,SUNDRMFAST.NS,
,,SUNDROP.NS,
,,SUNFLAG.NS,
,,SUNTECK.NS,
,,SUNTV.NS,
,,SUPRAJIT.NS,
,,SUPRIYA.NS,
,,SURAJEST.NS,
,,SURAJLTD.NS,
,,SURAKSHA.NS,
,,SURYAROSNI.NS,
,,SUYOG.NS,
,,SVLL.NS,
,,SWANCORP.NS,
,,SWELECTES.NS,
,,SWIGGY.NS,
,,SYMPHONY.NS,
,,SYNGENE.NS,
,,SYRMA.NS,
,,TAINWALCHM.NS,
,,TAJGVK.NS,
,,TALBROAUTO.NS,
,,TANLA.NS,
,,TARIL.NS,
,,TARSONS.NS,
,,TATACAP.NS,
,,TATACHEM.NS,
,,TATAINVEST.NS,
,,TATAPOWER.NS,
,,TATASTEEL.NS,
,,TATATECH.NS,
,,TCC.NS,
,,TCIEXP.NS,
,,TDPOWERSYS.NS,
,,TEAMGTY.NS,
,,TEJASNET.NS,
,,TEMBO.NS,
,,TENNIND.NS,
,,TERASOFT.NS,
,,THELEELA.NS,
,,THOMASCOTT.NS,
,,THYROCARE.NS,
,,TI.NS,
,,TIL.NS,
,,TINNARUBR.NS,
,,TIPSFILMS.NS,
,,TIPSMUSIC.NS,
,,TIRUMALCHM.NS,
,,TITAGARH.NS,
,,TMB.NS,
,,TMCV.NS,
,,TMPV.NS,
,,TRANSRAILL.NS,
,,TRF.NS,
,,TRITURBINE.NS,
,,TRIVENI.NS,
,,TRUALT.NS,
,,TSFINV.NS,
,,TTKHLTCARE.NS,
,,TTKPRESTIG.NS,
,,TVSELECT.NS,
,,UFBL.NS,
,,UFLEX.NS,
,,UNICHEMLAB.NS,
,,UNIDT.NS,
,,UNIMECH.NS,
,,UNIPARTS.NS,
,,UNITEDTEA.NS,
,,UNIVCABLES.NS,
,,UNIVPHOTO.NS,
,,UPL.NS,
,,USHAMART.NS,
,,UTLSOLAR.NS,
,,UTTAMSUGAR.NS,
,,VAIBHAVGBL.NS,
,,VALIANTORG.NS,
,,VARROC.NS,
,,VBL.NS,
,,VEDL.NS,
,,VENTIVE.NS,
,,VESUVIUS.NS,
,,VGUARD.NS,
,,VIDHIING.NS,
,,VIKRAMSOLR.NS,
,,VIMTALABS.NS,
,,VINYLINDIA.NS,
,,VIPIND.NS,
,,VISHNU.NS,
,,VIYASH.NS,
,,VLSFINANCE.NS,
,,VMART.NS,
,,VRLLOG.NS,
,,VSSL.NS,
,,VSTIND.NS,
,,VTL.NS,
,,WAAREEINDO.NS,
,,WANBURY.NS,
,,WEALTH.NS,
,,WELENT.NS,
,,WESTLIFE.NS,
,,WEWORK.NS,
,,WHIRLPOOL.NS,
,,WINDLAS.NS,
,,WINDMACHIN.NS,
,,WIPRO.NS,
,,WONDERLA.NS,
,,WSTCSTPAPR.NS,
,,YATHARTH.NS,
,,YUKEN.NS,
,,ZAGGLE.NS,
,,ZENITHEXPO.NS,
,,ZENSARTECH.NS,
,,ZODIAC.NS,
,,ZUARI.NS,
,,ZUARIIND.NS,
,,ZYDUSLIFE.NS,
,,ZYDUSWELL.NS,
