Ticker,Category,CAGR %,Volatility %,Max Drawdown %,Sharpe
SWANDEF.NS,Large,429395.96,50.32,-33.95,8532.59
OMNI.NS,Mid,7999.33,84.75,-8.67,94.3
INA.NS,Small,4244.18,85.19,-18.87,49.74
GSPCROP.NS,Mid,1603.9,84.63,-5.94,18.87
MARSONS.NS,Small,762.36,71.33,-11.24,10.59
KSHINTL.NS,Mid,426.26,51.66,-13.66,8.12
SEDEMAC.NS,Large,296.19,42.72,-4.17,6.77
RSL.NS,Small,370.46,56.15,-10.28,6.47
ARFIN.NS,Small,252.48,40.81,-17.89,6.01
PARKHOSPS.NS,Mid,226.75,45.37,-9.55,4.84
SHADOWFAX.NS,Small,219.77,44.87,-13.84,4.74
ADVAIT.NS,Large,295.75,63.61,-15.85,4.54
DCMSIL.NS,Small,496.96,117.23,-37.86,4.18
CPPLUS.NS,Large,194.77,45.44,-20.37,4.13
ATHERENERG.NS,Mid,200.55,47.33,-21.48,4.09
CLEANMAX.NS,Mid,227.12,58.69,-14.58,3.75
GAUDIUMIVF.NS,Small,362.93,98.39,-25.44,3.62
CEINSYS.NS,Mid,278.99,77.02,-14.93,3.53
CEINSYS.NS,Large,278.99,77.02,-14.93,3.53
BELRISE.NS,Small,146.53,40.41,-14.67,3.45
BELRISE.NS,Mid,146.53,40.41,-14.67,3.45
ICICIAMC.NS,Large,129.8,38.98,-14.59,3.15
BUILDPRO.NS,Mid,236.77,74.09,-19.56,3.1
BUILDPRO.NS,Large,236.77,74.09,-19.56,3.1
ACUTAAS.NS,Large,137.0,42.16,-17.53,3.08
ARIS.NS,Small,194.02,64.07,-23.29,2.92
SINGERIND.NS,Small,202.29,67.85,-13.49,2.88
ATLANTAELE.NS,Large,160.71,57.8,-32.74,2.66
RUBICON.NS,Mid,109.62,38.89,-17.1,2.64
QPOWER.NS,Large,176.82,64.38,-44.35,2.64
GROWW.NS,Small,166.48,61.21,-24.29,2.61
SGMART.NS,Mid,110.0,39.45,-17.31,2.61
ANANDRATHI.NS,Large,83.52,30.06,-26.9,2.55
VIDYAWIRES.NS,Small,120.4,44.94,-15.61,2.52
CHOICEIN.NS,Mid,77.64,28.53,-31.32,2.48
CANHLIFE.NS,Small,86.01,32.08,-10.84,2.46
SKYGOLD.NS,Mid,150.6,59.93,-47.03,2.4
AGIIL.NS,Mid,130.21,53.6,-24.76,2.3
NPST.NS,Large,141.91,62.18,-74.96,2.17
TMCV.NS,Mid,97.99,42.89,-23.19,2.12
PIRAMALFIN.NS,Large,74.37,31.95,-13.06,2.11
NEPHROPLUS.NS,Mid,96.79,44.23,-17.39,2.03
LGHL.NS,Mid,90.08,41.11,-42.1,2.02
KSOLVES.NS,Mid,108.25,50.34,-61.99,2.01
AHCL.NS,Small,105.17,49.58,-35.83,1.98
LENSKART.NS,Mid,93.2,44.01,-9.76,1.96
SMLMAH.NS,Large,120.27,58.73,-28.41,1.93
KPIGREEN.NS,Mid,111.62,54.81,-56.65,1.91
SBC.NS,Penny,94.07,46.73,-53.06,1.86
POWERINDIA.NS,Large,86.58,44.07,-40.31,1.81
BHARATSE.NS,Small,112.99,61.09,-42.36,1.73
SHREEJISPG.NS,Mid,87.86,47.0,-22.24,1.72
DEEPINDS.NS,Mid,97.58,53.12,-45.67,1.71
MAZDOCK.NS,Large,91.42,51.14,-44.6,1.65
UTLSOLAR.NS,Mid,73.68,40.63,-22.3,1.64
BLACKBUCK.NS,Mid,89.39,53.58,-37.72,1.54
JAINREC.NS,Mid,71.49,42.42,-19.88,1.52
KRN.NS,Large,90.63,56.99,-38.36,1.47
PTCIL.NS,Large,79.51,50.44,-41.68,1.44
RAMRAT.NS,Mid,70.29,46.91,-38.61,1.35
KAYNES.NS,Large,72.1,48.96,-56.13,1.33
MANORAMA.NS,Large,68.36,47.48,-37.13,1.29
S&SPOWER.NS,Mid,73.68,52.13,-75.11,1.28
TENNIND.NS,Mid,59.44,41.25,-13.42,1.27
NDRAUTO.NS,Mid,79.55,57.58,-56.08,1.26
LEMERITE.NS,Mid,59.66,43.98,-50.47,1.2
NETWEB.NS,Large,71.31,53.53,-54.73,1.2
KRISHNADEF.NS,Large,78.43,59.91,-51.39,1.19
RHETAN.NS,Penny,41.74,29.73,-10.34,1.17
BORANA.NS,Mid,53.5,40.01,-27.86,1.16
NUVAMA.NS,Large,61.64,47.16,-31.64,1.16
SOLEX.NS,Large,90.74,72.92,-64.59,1.15
SHIVAUM.NS,Mid,37.81,26.95,-23.08,1.14
MAXHEALTH.NS,Large,48.73,37.36,-28.33,1.12
CORONA.NS,Large,43.34,32.66,-10.03,1.11
AZAD.NS,Large,58.17,46.69,-39.63,1.1
GRSE.NS,Large,65.29,53.96,-54.9,1.08
POLYCAB.NS,Large,45.31,35.94,-49.83,1.07
INDOTHAI.NS,Mid,66.94,56.65,-87.75,1.06
SIGMAADV.NS,Small,65.99,55.83,-25.95,1.06
UFBL.NS,Mid,86.56,76.08,-26.12,1.05
TIPSMUSIC.NS,Mid,59.86,50.76,-64.76,1.04
ARSSBL.NS,Mid,61.29,52.16,-45.98,1.04
ABCOTS.NS,Mid,59.67,50.78,-45.5,1.04
ANGELONE.NS,Mid,61.06,52.6,-48.25,1.03
LLOYDSME.NS,Large,48.23,40.78,-33.05,1.01
SPECTRUM.NS,Large,50.39,42.99,-56.76,1.01
BSE.NS,Large,49.24,42.31,-71.87,1.0
SVLL.NS,Mid,44.67,37.78,-46.15,1.0
FORCEMOT.NS,Large,57.04,50.36,-57.69,0.99
KEI.NS,Large,48.84,42.81,-62.69,0.98
AIIL.NS,Mid,59.86,53.89,-39.32,0.98
ISHANCH.NS,Penny,56.6,51.07,-42.6,0.97
ISHANCH.NS,Small,56.6,51.07,-42.6,0.97
REFEX.NS,Mid,69.0,64.02,-75.71,0.97
SOLARINDS.NS,Large,37.46,31.24,-34.27,0.97
PRIMESECU.NS,Mid,56.99,52.19,-59.47,0.96
ADANIGREEN.NS,Large,59.42,55.02,-84.44,0.95
ADANIGREEN.NS,Mid,59.42,55.02,-84.44,0.95
LTFOODS.NS,Mid,50.04,45.63,-33.47,0.94
DCI.NS,Mid,53.83,49.63,-53.16,0.94
SGFIN.NS,Mid,45.55,40.85,-24.25,0.94
UNITEDPOLY.NS,Penny,55.37,52.15,-86.56,0.93
RAJRATAN.NS,Mid,52.85,49.13,-78.55,0.93
PRUDENT.NS,Large,51.54,48.34,-54.02,0.92
E2E.NS,Large,59.8,57.43,-85.69,0.92
KRISHANA.NS,Mid,49.14,45.72,-40.84,0.92
RADICO.NS,Large,44.68,41.17,-50.44,0.92
UNOMINDA.NS,Large,43.24,39.22,-51.27,0.92
EMMVEE.NS,Mid,60.25,57.76,-28.66,0.92
TEMBO.NS,Mid,48.05,44.65,-71.66,0.92
RVNL.NS,Mid,53.78,51.56,-61.94,0.91
CRAFTSMAN.NS,Large,40.53,37.0,-40.45,0.91
SARDAEN.NS,Mid,51.97,49.17,-82.69,0.91
GRAVITA.NS,Large,54.7,52.31,-83.34,0.91
STEELCAS.NS,Mid,46.35,43.65,-26.8,0.9
WEALTH.NS,Mid,48.73,46.21,-52.48,0.9
APLAPOLLO.NS,Large,40.11,36.63,-57.41,0.9
WEL.NS,Small,52.85,51.15,-60.75,0.9
DIXON.NS,Large,42.6,39.89,-57.33,0.89
TRENT.NS,Large,38.95,36.0,-59.94,0.89
KRISHIVAL.NS,Mid,45.64,43.95,-38.49,0.88
SRM.NS,Mid,51.88,50.98,-41.07,0.88
ROSSTECH.NS,Mid,57.35,57.4,-55.75,0.88
DPABHUSHAN.NS,Mid,51.81,51.05,-57.04,0.88
DPABHUSHAN.NS,Large,51.81,51.05,-57.04,0.88
HARDWYN.NS,Penny,52.38,52.02,-71.36,0.87
CUPID.NS,Small,50.35,49.71,-69.35,0.87
OLECTRA.NS,Large,54.34,54.44,-83.91,0.87
JBCHEPHARM.NS,Large,33.98,31.17,-36.92,0.87
THANGAMAYL.NS,Large,48.66,48.4,-66.32,0.86
KAVDEFENCE.NS,Small,60.57,62.03,-66.61,0.86
JSLL.NS,Mid,66.47,69.09,-82.41,0.86
SBCL.NS,Mid,49.34,49.81,-47.01,0.85
VBL.NS,Mid,36.57,34.92,-43.09,0.85
MBAPL.NS,Mid,58.04,60.22,-53.32,0.85
DYCL.NS,Mid,54.72,56.12,-54.53,0.85
ARTEMISMED.NS,Mid,47.54,47.99,-56.75,0.84
LINDEINDIA.NS,Large,40.47,39.71,-47.57,0.84
VENUSPIPES.NS,Large,40.27,39.65,-63.16,0.84
SHAILY.NS,Large,47.69,49.28,-56.78,0.83
MUTHOOTFIN.NS,Large,37.56,36.96,-45.7,0.83
ADANIENT.NS,Large,49.06,50.7,-71.35,0.83
KPIL.NS,Large,37.41,36.81,-40.28,0.83
JSL.NS,Mid,47.96,49.73,-81.67,0.82
SHAREINDIA.NS,Small,42.75,44.37,-70.24,0.81
ABDL.NS,Mid,40.37,41.44,-43.82,0.81
MEDANTA.NS,Large,33.58,32.73,-35.35,0.81
SENORES.NS,Mid,44.79,46.93,-22.99,0.81
DEEPAKNTR.NS,Large,38.33,38.52,-58.35,0.81
BSHSL.NS,Small,47.46,50.76,-90.43,0.8
MAANALU.NS,Small,55.66,60.82,-86.21,0.8
PRECWIRE.NS,Mid,47.26,50.44,-78.34,0.8
NAVINFLUOR.NS,Large,35.77,35.95,-39.48,0.8
BHARTIHEXA.NS,Large,38.69,39.44,-25.74,0.8
AURUM.NS,Small,43.27,46.14,-70.85,0.79
KALYANKJIL.NS,Mid,42.18,44.41,-53.97,0.79
KALYANI.NS,Small,13.36,8.01,0.0,0.79
GOLDIAM.NS,Mid,50.11,54.65,-54.96,0.79
APARINDS.NS,Large,39.94,42.33,-70.37,0.78
TITAN.NS,Large,29.83,29.28,-41.73,0.78
DSSL.NS,Large,56.73,64.93,-77.32,0.77
VEDL.NS,Mid,38.47,40.75,-78.36,0.77
PCBL.NS,Mid,43.48,47.58,-80.21,0.77
DSSL.NS,Mid,56.73,64.93,-77.32,0.77
ESCORTS.NS,Large,35.86,37.75,-56.62,0.76
BONLON.NS,Penny,46.39,51.81,-22.81,0.76
ATALREAL.NS,Penny,47.95,54.13,-75.48,0.76
ZOTA.NS,Large,36.72,39.19,-45.06,0.76
AFFLE.NS,Large,38.33,41.26,-58.27,0.76
PERSISTENT.NS,Large,32.44,33.55,-45.7,0.76
UMIYA-MRO.NS,Small,45.62,51.17,-34.23,0.75
AARON.NS,Small,45.07,50.95,-54.25,0.75
IRFC.NS,Small,37.44,40.66,-58.47,0.75
TRAVELFOOD.NS,Large,30.5,31.75,-24.85,0.74
TATAINVEST.NS,Mid,33.62,36.16,-48.85,0.74
DATAPATTNS.NS,Large,44.07,49.85,-58.41,0.74
THEJO.NS,Large,42.99,48.47,-59.18,0.74
EBGNG.NS,Mid,42.6,48.13,-37.93,0.74
GKSL.NS,Small,27.96,28.22,-11.22,0.74
LUMAXTECH.NS,Large,42.46,47.67,-75.71,0.74
TIRUPATIFL.NS,Penny,42.46,48.68,-70.56,0.73
INNOVANA.NS,Mid,47.31,55.29,-64.0,0.73
KIMS.NS,Mid,29.81,31.24,-26.26,0.73
MCX.NS,Large,35.42,39.09,-50.83,0.73
SHRIPISTON.NS,Large,37.03,41.17,-85.48,0.73
NINSYS.NS,Mid,42.27,48.92,-56.76,0.72
YATHARTH.NS,Mid,36.35,40.65,-47.69,0.72
AVALON.NS,Large,42.14,48.55,-39.75,0.72
KIOCL.NS,Mid,49.07,58.08,-90.2,0.72
THOMASCOTT.NS,Mid,42.11,48.74,-83.61,0.72
IMFA.NS,Large,42.9,49.79,-86.11,0.72
AVALON.NS,Mid,42.14,48.55,-39.75,0.72
KERNEX.NS,Large,43.69,50.64,-82.44,0.72
GRWRHITECH.NS,Large,46.59,55.21,-54.5,0.72
XPROINDIA.NS,Large,44.19,52.65,-82.54,0.71
JAIBALAJI.NS,Small,45.69,54.29,-78.89,0.71
HAL.NS,Large,32.73,36.19,-54.47,0.71
BEL.NS,Mid,32.01,35.89,-67.2,0.7
BBOX.NS,Mid,45.25,54.9,-74.96,0.7
V2RETAIL.NS,Small,44.42,53.08,-93.67,0.7
TVSMOTOR.NS,Large,28.63,31.0,-67.23,0.7
KMEW.NS,Large,45.15,54.32,-44.72,0.7
LAURUSLABS.NS,Large,31.52,34.87,-58.89,0.7
TARC.NS,Small,41.58,49.52,-61.07,0.7
ANANTRAJ.NS,Mid,44.1,52.87,-81.94,0.7
SUVEN.NS,Small,41.46,49.75,-68.79,0.69
AEQUS.NS,Small,43.32,52.95,-27.51,0.69
AEPL.NS,Penny,61.18,78.33,-23.84,0.69
ETHOSLTD.NS,Large,33.26,38.12,-41.31,0.69
HSCL.NS,Mid,40.18,48.8,-85.31,0.68
USHAMART.NS,Mid,43.47,53.82,-74.03,0.68
TDPOWERSYS.NS,Mid,39.03,46.85,-68.95,0.68
MIDWESTLTD.NS,Large,49.75,62.65,-39.88,0.68
SYRMA.NS,Mid,38.31,46.0,-43.72,0.68
RACLGEAR.NS,Large,44.6,55.44,-27.79,0.68
RAINBOW.NS,Large,30.61,35.26,-34.06,0.67
MARINE.NS,Mid,45.17,56.82,-70.12,0.67
TIINDIA.NS,Large,33.27,39.11,-54.18,0.67
TATACONSUM.NS,Large,26.94,29.56,-44.3,0.67
TI.NS,Mid,39.52,49.35,-51.78,0.66
VIYASH.NS,Mid,38.18,47.29,-20.22,0.66
MTARTECH.NS,Large,35.18,42.46,-56.34,0.66
GVPIL.NS,Mid,47.84,61.79,-30.41,0.66
SANDUMA.NS,Mid,42.89,54.75,-42.86,0.66
KFINTECH.NS,Mid,36.3,44.21,-49.64,0.66
IREDA.NS,Small,40.98,52.55,-62.38,0.65
COROMANDEL.NS,Large,27.23,31.22,-38.98,0.65
GALLANTT.NS,Mid,40.98,52.07,-68.51,0.65
ZODIAC.NS,Mid,46.29,60.54,-80.53,0.65
JGCHEM.NS,Mid,42.35,54.74,-41.71,0.65
PGEL.NS,Mid,46.91,61.45,-94.13,0.65
FACT.NS,Mid,45.51,59.11,-62.5,0.65
PANSARI.NS,Mid,34.36,42.66,-69.75,0.64
GOKULAGRO.NS,Mid,44.31,57.88,-76.4,0.64
INDIAGLYCO.NS,Mid,39.04,49.78,-68.71,0.64
SANSERA.NS,Large,27.2,31.36,-40.25,0.64
PGHL.NS,Large,27.49,31.96,-45.2,0.64
GOKULAGRO.NS,Small,44.31,57.88,-76.4,0.64
MODTHREAD.NS,Penny,43.87,57.37,-53.95,0.64
COMSYN.NS,Small,35.39,45.22,-44.45,0.63
BAJFINANCE.NS,Mid,29.69,35.78,-62.44,0.63
ANUP.NS,Large,37.37,47.86,-63.56,0.63
ADANIPOWER.NS,Small,40.61,54.0,-67.78,0.62
KPITTECH.NS,Mid,34.31,44.04,-68.87,0.62
MONARCH.NS,Mid,38.02,50.25,-52.11,0.62
COFORGE.NS,Large,31.66,39.75,-56.76,0.62
SPLPETRO.NS,Mid,30.75,38.58,-70.26,0.62
BANCOINDIA.NS,Mid,34.63,45.39,-70.18,0.61
SERVOTECH.NS,Small,48.93,68.86,-84.78,0.61
NATIONALUM.NS,Mid,33.68,43.47,-64.69,0.61
SJS.NS,Large,32.17,41.35,-37.24,0.61
SIRCA.NS,Mid,33.35,43.37,-51.83,0.61
ACE.NS,Mid,38.18,50.96,-83.29,0.61
RECLTD.NS,Mid,29.98,37.7,-55.97,0.61
ABINFRA.NS,Penny,37.54,50.18,-78.33,0.61
HIRECT.NS,Mid,39.88,55.03,-64.76,0.6
JASH.NS,Mid,37.69,51.4,-67.01,0.6
PITTIENG.NS,Mid,38.68,52.37,-82.12,0.6
DOMS.NS,Large,29.73,37.95,-32.93,0.6
JSWSTEEL.NS,Large,26.92,33.01,-65.74,0.6
JKCEMENT.NS,Large,25.16,30.46,-46.63,0.6
VOLTAMP.NS,Large,31.35,40.74,-57.81,0.6
NAVA.NS,Mid,36.05,48.25,-80.62,0.6
BLUESTARCO.NS,Large,26.47,32.4,-48.36,0.6
PASHUPATI.NS,Small,36.57,49.23,-49.12,0.6
NDLVENTURE.NS,Small,59.6,88.9,-66.69,0.59
HEG.NS,Mid,38.99,54.64,-90.42,0.59
MAHSCOOTER.NS,Large,28.24,35.86,-62.09,0.59
JINDALSTEL.NS,Large,34.73,46.83,-78.28,0.59
BAJAJFINSV.NS,Large,26.29,32.63,-58.57,0.59
SAFARI.NS,Large,30.68,39.85,-53.34,0.59
SHAKTIPUMP.NS,Mid,36.49,51.18,-85.95,0.58
JBMA.NS,Mid,37.47,52.74,-83.35,0.58
PFC.NS,Mid,28.93,37.68,-56.38,0.58
ICEMAKE.NS,Mid,36.89,51.41,-77.95,0.58
SRF.NS,Large,25.69,32.36,-36.68,0.58
ESABINDIA.NS,Large,29.99,39.4,-44.12,0.58
AARTIPHARM.NS,Mid,33.06,44.7,-38.36,0.58
CARYSIL.NS,Mid,34.53,48.71,-55.22,0.57
SEAMECLTD.NS,Large,33.74,47.16,-62.21,0.57
DMART.NS,Large,24.87,31.5,-39.32,0.57
LUMAXIND.NS,Large,31.17,42.12,-69.4,0.57
CANTABIL.NS,Mid,33.71,47.05,-49.3,0.57
INGERRAND.NS,Large,25.41,32.4,-34.72,0.57
HINDALCO.NS,Large,28.18,37.57,-68.2,0.56
HINDALCO.NS,Mid,28.18,37.57,-68.2,0.56
NEULANDLAB.NS,Large,36.41,52.27,-83.95,0.56
INTERARCH.NS,Large,34.5,49.35,-36.53,0.56
RAJMET.NS,Penny,30.78,42.15,-90.99,0.56
KSR.NS,Penny,51.6,79.05,-54.55,0.56
PHOENIXLTD.NS,Large,28.44,38.34,-48.13,0.56
JSWHL.NS,Large,29.64,40.09,-57.22,0.56
KPRMILL.NS,Mid,28.18,37.66,-61.4,0.56
KOTYARK.NS,Mid,45.27,70.12,-87.44,0.55
SAGILITY.NS,Penny,31.38,44.14,-33.33,0.55
TVSHLTD.NS,Large,26.04,34.78,-80.01,0.55
SAMBHV.NS,Small,33.46,48.31,-41.09,0.55
WELINV.NS,Large,38.14,56.42,-62.78,0.55
PARADEEP.NS,Small,31.99,45.39,-55.23,0.55
ALKYLAMINE.NS,Large,28.68,40.24,-72.91,0.54
RATNAMANI.NS,Large,23.96,31.24,-49.27,0.54
PRIVISCL.NS,Large,30.76,44.19,-60.63,0.54
FOCUS.NS,Small,33.2,48.56,-78.49,0.54
FINEORG.NS,Large,26.79,36.93,-51.13,0.54
GARFIBRES.NS,Mid,25.41,34.85,-41.27,0.53
SHREDIGCEM.NS,Small,29.36,42.22,-50.73,0.53
LODHA.NS,Mid,31.11,45.58,-57.33,0.53
BORORENEW.NS,Mid,34.45,52.23,-70.45,0.53
GREENPANEL.NS,Small,30.2,43.65,-71.55,0.53
GREENPANEL.NS,Mid,30.2,43.65,-71.55,0.53
INOXGREEN.NS,Small,35.63,54.12,-52.56,0.53
ABBOTINDIA.NS,Large,20.15,24.92,-32.87,0.53
POWERGRID.NS,Mid,20.31,25.29,-29.56,0.53
GARUDA.NS,Small,41.51,65.01,-45.22,0.53
CGPOWER.NS,Mid,31.08,45.95,-94.99,0.52
IRISDOREME.NS,Penny,32.37,48.36,-71.01,0.52
ADFFOODS.NS,Small,31.31,47.17,-62.07,0.52
MANAKCOAT.NS,Small,40.08,63.14,-90.49,0.52
STEL.NS,Mid,33.68,51.13,-77.3,0.52
ADFFOODS.NS,Mid,31.31,47.17,-62.07,0.52
BHAGCHEM.NS,Mid,28.99,42.65,-59.87,0.52
BIKAJI.NS,Mid,24.6,33.81,-41.9,0.52
BAJAJHLDNG.NS,Large,23.42,31.55,-60.46,0.52
BHAGCHEM.NS,Small,28.99,42.65,-59.87,0.52
BDL.NS,Large,30.37,45.2,-59.32,0.52
TARIL.NS,Mid,38.36,59.93,-89.08,0.52
ZENTEC.NS,Large,35.09,54.5,-85.09,0.52
GMDCLTD.NS,Mid,31.77,47.57,-81.87,0.52
KIRLPNU.NS,Large,29.09,43.38,-44.44,0.51
INFOBEAN.NS,Small,33.64,52.12,-65.66,0.51
TORNTPHARM.NS,Large,20.8,26.94,-30.7,0.51
BETA.NS,Large,36.35,56.99,-80.72,0.51
GLOBUSSPR.NS,Large,33.12,50.85,-68.94,0.51
UNIVPHOTO.NS,Mid,36.3,57.61,-80.57,0.51
GLOBUSSPR.NS,Mid,33.12,50.85,-68.94,0.51
KSB.NS,Mid,24.28,34.28,-56.08,0.5
ASTRAL.NS,Large,23.99,33.72,-48.69,0.5
AADHARHFC.NS,Mid,24.19,34.15,-28.66,0.5
GABRIEL.NS,Mid,28.7,43.18,-79.19,0.5
TATASTEEL.NS,Mid,24.53,35.09,-64.5,0.5
WAAREERTL.NS,Large,30.49,47.18,-41.2,0.5
SIGNATURE.NS,Mid,25.1,36.54,-55.72,0.5
BIGBLOC.NS,Penny,35.09,56.28,-87.95,0.5
GABRIEL.NS,Large,28.7,43.18,-79.19,0.5
REGENCERAM.NS,Penny,29.05,44.28,-90.31,0.5
BIGBLOC.NS,Small,35.09,56.28,-87.95,0.5
NEOGEN.NS,Large,29.49,46.07,-58.39,0.49
PGIL.NS,Large,32.51,52.51,-61.35,0.49
ATGL.NS,Mid,33.91,55.07,-88.05,0.49
BALKRISIND.NS,Large,23.68,34.02,-51.0,0.49
CHOLAFIN.NS,Large,26.88,40.49,-64.52,0.49
TALBROAUTO.NS,Mid,31.12,49.1,-79.32,0.49
SALSTEEL.NS,Small,35.94,58.63,-82.29,0.49
PDSL.NS,Mid,25.13,37.0,-60.42,0.49
GLOBAL.NS,Small,34.13,55.57,-85.27,0.49
POLYMED.NS,Large,27.14,40.74,-61.87,0.49
GEEKAYWIRE.NS,Penny,29.36,45.72,-72.0,0.49
KAPSTON.NS,Mid,29.83,46.55,-43.42,0.49
KIRLOSBROS.NS,Large,31.03,49.48,-79.25,0.49
MASTEK.NS,Large,29.76,46.3,-70.14,0.49
JSWINFRA.NS,Mid,25.52,38.07,-36.81,0.49
AVROIND.NS,Small,30.9,48.89,-57.36,0.49
FLUOROCHEM.NS,Large,27.48,41.7,-66.92,0.49
AURIONPRO.NS,Mid,32.54,53.3,-86.34,0.48
VSSL.NS,Mid,29.89,47.88,-79.56,0.48
CUMMINSIND.NS,Large,21.82,30.97,-71.2,0.48
PRICOLLTD.NS,Mid,30.09,48.53,-82.3,0.48
TORNTPOWER.NS,Large,23.89,35.12,-38.31,0.48
SHILCTECH.NS,Large,36.3,60.47,-30.1,0.48
ICICIBANK.NS,Large,21.39,29.71,-48.31,0.48
CHAMBLFERT.NS,Mid,25.95,39.65,-49.75,0.48
NBIFIN.NS,Large,34.89,58.17,-63.45,0.48
SAREGAMA.NS,Mid,29.73,48.07,-79.05,0.47
CROWN.NS,Small,25.96,40.51,-73.01,0.47
360ONE.NS,Mid,25.31,39.34,-51.49,0.47
RELIANCE.NS,Large,19.74,27.01,-45.09,0.47
LT.NS,Large,19.49,26.62,-54.44,0.47
BLS.NS,Mid,31.79,52.83,-89.95,0.47
JPOLYINVST.NS,Large,31.45,52.15,-93.3,0.47
COCHINSHIP.NS,Large,26.98,42.19,-60.14,0.47
360ONE.NS,Large,25.31,39.34,-51.49,0.47
WELCORP.NS,Large,28.99,47.16,-74.11,0.47
GAEL.NS,Small,29.22,47.17,-70.11,0.47
JINDALSAW.NS,Mid,29.89,48.84,-75.46,0.47
WAAREEENER.NS,Large,31.35,51.66,-42.48,0.47
IRCTC.NS,Mid,24.64,37.34,-58.23,0.47
RELTD.NS,Small,32.85,54.55,-39.71,0.47
DIFFNKG.NS,Mid,33.12,57.05,-51.63,0.46
GVT&D.NS,Large,27.13,44.16,-87.03,0.46
MWL.NS,Mid,26.47,42.55,-27.3,0.46
SONAMLTD.NS,Small,26.34,42.03,-60.26,0.46
KDDL.NS,Large,30.56,51.77,-82.6,0.46
NESTLEIND.NS,Large,17.23,22.01,-22.88,0.46
HINDZINC.NS,Mid,23.14,35.01,-58.98,0.46
INDIANB.NS,Mid,28.29,45.8,-89.64,0.46
GMRAIRPORT.NS,Small,25.22,40.7,-40.04,0.45
JAGSNPHARM.NS,Small,31.4,54.42,-65.29,0.45
INDRAMEDCO.NS,Mid,25.64,41.75,-54.21,0.45
BHARTIARTL.NS,Large,20.09,28.97,-46.78,0.45
ELECON.NS,Mid,30.68,53.01,-84.39,0.45
DATAMATICS.NS,Mid,31.38,54.52,-80.59,0.45
TANLA.NS,Mid,29.83,50.32,-80.58,0.45
HECPROJECT.NS,Small,28.02,46.69,-51.9,0.45
GPIL.NS,Mid,33.78,59.05,-85.86,0.45
TATAPOWER.NS,Mid,22.1,34.46,-71.89,0.44
GOODLUCK.NS,Mid,29.31,50.65,-83.49,0.44
AVANTIFEED.NS,Large,27.48,46.05,-71.82,0.44
GOODLUCK.NS,Large,29.31,50.65,-83.49,0.44
AEROFLEX.NS,Mid,28.72,49.04,-40.41,0.44
HEXATRADEX.NS,Small,28.39,48.91,-95.02,0.44
AGRITECH.NS,Small,33.38,59.92,-90.74,0.44
DIVISLAB.NS,Large,20.87,31.54,-59.54,0.44
SIEMENS.NS,Large,19.9,29.46,-41.9,0.44
TIMKEN.NS,Large,22.47,35.29,-51.79,0.44
AMBER.NS,Large,25.98,43.35,-54.26,0.44
BALUFORGE.NS,Mid,34.1,61.18,-58.28,0.44
INOXINDIA.NS,Large,22.7,35.58,-39.03,0.44
PARACABLES.NS,Penny,32.55,59.73,-75.06,0.43
ASTRAMICRO.NS,Mid,26.07,43.92,-65.96,0.43
SBIN.NS,Large,20.86,32.21,-59.49,0.43
ELGIEQUIP.NS,Mid,24.97,41.67,-68.84,0.43
OIL.NS,Mid,22.93,36.92,-67.42,0.43
TATACOMM.NS,Large,21.83,34.84,-53.3,0.43
WEBELSOLAR.NS,Small,33.16,61.28,-92.96,0.43
TIIL.NS,Large,27.76,48.55,-75.44,0.43
FEDERALBNK.NS,Mid,22.12,35.19,-69.73,0.43
BTML.NS,Penny,31.3,55.96,-74.91,0.43
ASTRAMICRO.NS,Large,26.07,43.92,-65.96,0.43
SUNFLAG.NS,Mid,29.74,52.38,-76.48,0.43
JAYNECOIND.NS,Small,30.36,54.86,-84.49,0.43
BRIGADE.NS,Mid,23.73,38.8,-61.56,0.43
NH.NS,Large,20.59,31.74,-48.63,0.43
PIDILITIND.NS,Large,17.0,23.94,-28.15,0.42
ANURAS.NS,Large,19.91,30.75,-48.42,0.42
WELENT.NS,Mid,26.99,47.34,-81.99,0.42
ABB.NS,Large,20.02,30.82,-52.64,0.42
TEGA.NS,Large,22.85,38.15,-44.93,0.42
TCI.NS,Large,23.65,39.21,-62.36,0.42
VESUVIUS.NS,Mid,21.71,35.32,-46.17,0.42
VIMTALABS.NS,Mid,30.01,54.15,-82.96,0.42
FSL.NS,Mid,24.95,42.59,-66.1,0.42
JWL.NS,Mid,31.01,57.67,-75.77,0.42
MPHASIS.NS,Large,20.69,32.74,-51.94,0.42
VINATIORGA.NS,Large,20.77,32.98,-47.78,0.42
SOMATEX.NS,Small,32.32,59.93,-93.05,0.42
HITECH.NS,Small,29.04,52.97,-84.46,0.42
IPCALAB.NS,Large,20.42,31.58,-48.38,0.42
BBTCL.NS,Small,25.37,44.13,-61.09,0.42
GRAPHITE.NS,Mid,27.71,49.25,-89.09,0.42
SUDARSCHEM.NS,Mid,24.67,42.3,-52.71,0.42
BBTCL.NS,Mid,25.37,44.13,-61.09,0.42
BRITANNIA.NS,Large,16.86,23.37,-37.68,0.42
MAHSEAMLES.NS,Mid,22.1,35.76,-64.37,0.42
CAMS.NS,Mid,21.82,35.01,-47.88,0.42
CHOLAHLDNG.NS,Large,20.65,32.63,-68.67,0.42
ASTRAZEN.NS,Large,22.56,36.61,-47.23,0.42
INDHOTEL.NS,Mid,21.78,35.33,-61.17,0.42
HINDCOPPER.NS,Mid,28.28,50.57,-81.66,0.42
JKPAPER.NS,Mid,25.69,44.08,-62.06,0.42
BAJAJ-AUTO.NS,Large,17.58,25.27,-42.31,0.42
ADANIPORTS.NS,Large,22.21,37.02,-52.92,0.41
ALKEM.NS,Large,17.35,25.31,-27.75,0.41
APOLLOHOSP.NS,Large,19.7,31.07,-39.42,0.41
NORBTEAEXP.NS,Small,25.46,44.98,-73.42,0.41
NSIL.NS,Large,25.87,45.58,-70.69,0.41
BALAXI.NS,Penny,27.03,48.81,-92.46,0.41
NTPC.NS,Mid,17.55,25.86,-46.83,0.41
RHL.NS,Small,27.58,50.8,-46.56,0.41
SAKAR.NS,Mid,30.12,55.96,-52.1,0.41
SGIL.NS,Mid,26.45,47.16,-49.76,0.41
SCHAEFFLER.NS,Large,18.72,28.34,-46.89,0.41
AAATECH.NS,Small,28.47,52.87,-54.43,0.41
JSWENERGY.NS,Mid,24.09,42.02,-58.43,0.41
KIRLOSENG.NS,Large,23.4,40.17,-78.93,0.41
LIKHITHA.NS,Mid,26.02,47.46,-72.17,0.4
BHAGYANGR.NS,Small,29.12,55.8,-76.32,0.4
NAUKRI.NS,Large,21.68,37.08,-51.85,0.4
MKPL.NS,Penny,24.06,42.94,-87.37,0.4
DRCSYSTEMS.NS,Penny,30.12,57.18,-64.32,0.4
ASTERDM.NS,Mid,22.43,38.65,-56.47,0.4
GUJTHEM.NS,Mid,27.87,52.73,-51.71,0.4
METROBRAND.NS,Large,21.0,35.08,-33.77,0.4
DEEPAKFERT.NS,Mid,25.89,47.64,-86.23,0.4
DEEPAKFERT.NS,Large,25.89,47.64,-86.23,0.4
VISHNU.NS,Mid,26.9,49.58,-85.1,0.4
KHAITANLTD.NS,Small,26.75,49.64,-77.27,0.4
PANAMAPET.NS,Mid,28.01,52.2,-89.24,0.4
UNIVCABLES.NS,Mid,27.85,51.83,-78.5,0.4
SHYAMMETL.NS,Mid,20.58,33.99,-40.55,0.4
BHAGYANGR.NS,Mid,29.12,55.8,-76.32,0.4
MANAPPURAM.NS,Mid,24.41,43.11,-62.09,0.4
LGBBROSLTD.NS,Large,24.0,41.97,-75.77,0.4
ASAL.NS,Mid,29.74,56.43,-89.39,0.4
APOLSINHOT.NS,Large,27.8,53.38,-75.63,0.39
TATACHEM.NS,Mid,19.13,31.12,-54.53,0.39
FILATEX.NS,Penny,27.61,52.82,-73.95,0.39
IZMO.NS,Mid,29.96,58.3,-90.63,0.39
NHPC.NS,Small,19.52,31.76,-37.01,0.39
PRECOT.NS,Mid,29.72,57.97,-81.94,0.39
POWERMECH.NS,Large,23.79,43.59,-71.18,0.39
REMSONSIND.NS,Small,29.58,57.87,-65.43,0.39
APOLSINHOT.NS,Mid,27.8,53.38,-75.63,0.39
CAPLIPOINT.NS,Large,24.82,45.46,-74.09,0.39
JINDALPHOT.NS,Large,30.84,60.52,-93.26,0.39
POLYPLEX.NS,Mid,21.7,38.1,-71.09,0.39
NMDC.NS,Small,20.89,36.86,-53.4,0.38
RPGLIFE.NS,Large,24.81,47.04,-73.69,0.38
IRCON.NS,Small,24.33,45.89,-64.77,0.38
DCMSHRIRAM.NS,Large,24.29,45.04,-67.62,0.38
ONEPOINT.NS,Small,29.02,58.49,-88.75,0.38
CCL.NS,Large,20.12,34.14,-56.4,0.38
SUBROS.NS,Mid,25.0,47.25,-70.49,0.38
MASKINVEST.NS,Small,26.93,52.22,-90.91,0.38
NLCINDIA.NS,Mid,21.7,38.97,-56.01,0.38
URJA.NS,Penny,28.33,56.68,-90.45,0.38
MEGASTAR.NS,Mid,25.89,49.14,-51.15,0.38
PILANIINVS.NS,Large,20.07,34.7,-70.32,0.38
KEEPLEARN.NS,Penny,26.05,50.27,-81.76,0.38
THERMAX.NS,Large,19.49,33.1,-50.85,0.38
TIRUMALCHM.NS,Mid,27.08,53.4,-86.07,0.38
AGI.NS,Mid,25.13,48.27,-73.37,0.38
PRESTIGE.NS,Large,23.58,44.85,-67.21,0.37
GRINDWELL.NS,Large,18.4,30.66,-53.41,0.37
MSTCLTD.NS,Mid,27.44,54.9,-64.69,0.37
ADL.NS,Small,24.83,48.04,-64.17,0.37
TFCILTD.NS,Small,25.83,50.33,-82.71,0.37
NITINSPIN.NS,Mid,23.0,43.72,-80.92,0.37
BEPL.NS,Small,26.15,51.26,-87.92,0.37
SUNDARMFIN.NS,Large,18.41,31.0,-42.71,0.37
SWARAJENG.NS,Large,18.08,30.27,-62.23,0.37
CDSL.NS,Large,22.72,41.93,-64.02,0.37
CREST.NS,Mid,27.41,55.29,-82.79,0.37
M&M.NS,Large,18.38,30.34,-72.28,0.37
APOLLOPIPE.NS,Mid,23.23,43.56,-67.25,0.37
SUNDRMFAST.NS,Mid,18.65,31.69,-61.84,0.37
FRACTAL.NS,Mid,25.91,51.3,-15.4,0.37
ITI.NS,Mid,28.59,57.82,-69.83,0.37
CESC.NS,Small,18.7,32.52,-61.68,0.36
OBEROIRLTY.NS,Large,20.76,38.21,-52.87,0.36
VGUARD.NS,Mid,18.11,30.64,-42.48,0.36
SUPREMEIND.NS,Large,18.51,32.01,-49.39,0.36
VOLTAS.NS,Large,18.32,31.24,-44.0,0.36
INDIASHLTR.NS,Mid,18.96,32.87,-33.39,0.36
RAILTEL.NS,Mid,24.36,48.62,-58.01,0.36
SONATSOFTW.NS,Mid,21.24,40.06,-74.87,0.36
HPIL.NS,Small,23.58,46.62,-44.22,0.36
HCLTECH.NS,Large,16.47,26.04,-34.72,0.36
TEAMGTY.NS,Mid,29.84,64.14,-85.16,0.36
STLNETWORK.NS,Penny,27.64,57.07,-51.82,0.36
MACPOWER.NS,Large,27.64,56.99,-87.96,0.36
RMDRIP.NS,Penny,25.45,53.37,-85.83,0.35
GANECOS.NS,Mid,21.94,42.4,-72.01,0.35
PREMIERPOL.NS,Small,29.79,64.88,-71.52,0.35
RPEL.NS,Mid,25.11,51.25,-46.31,0.35
SSWL.NS,Mid,19.94,37.4,-76.72,0.35
MANINDS.NS,Mid,25.48,52.84,-78.64,0.35
TIMETECHNO.NS,Small,24.27,48.72,-89.21,0.35
GANECOS.NS,Large,21.94,42.4,-72.01,0.35
PIIND.NS,Large,17.72,30.24,-42.19,0.35
WSTCSTPAPR.NS,Mid,22.42,44.01,-71.94,0.35
SIKKO.NS,Penny,26.9,57.48,-60.0,0.35
GNFC.NS,Mid,22.18,42.97,-80.84,0.35
ASALCBR.NS,Mid,22.51,44.05,-54.18,0.35
GOKEX.NS,Mid,26.42,56.66,-79.26,0.34
KAMDHENU.NS,Penny,24.59,51.08,-83.14,0.34
SOUTHWEST.NS,Mid,25.74,55.37,-75.01,0.34
CARBORUNIV.NS,Mid,18.28,33.0,-58.13,0.34
JYOTICNC.NS,Mid,24.8,52.22,-51.34,0.34
HDFCAMC.NS,Large,17.94,32.18,-53.81,0.34
INDOTECH.NS,Large,25.8,55.59,-75.42,0.34
ALMONDZ.NS,Penny,26.59,57.61,-78.57,0.34
VADILALIND.NS,Large,22.17,44.77,-63.89,0.34
GRPLTD.NS,Large,23.61,48.87,-71.52,0.34
SAKSOFT.NS,Small,24.65,51.84,-67.02,0.34
ARIHANTCAP.NS,Small,25.77,55.08,-63.77,0.34
TARACHAND.NS,Small,27.53,61.2,-56.36,0.34
GESHIP.NS,Large,19.4,36.66,-59.41,0.34
IONEXCHANG.NS,Mid,21.08,41.78,-56.42,0.34
RRKABEL.NS,Large,20.35,40.4,-52.99,0.33
RTNINDIA.NS,Penny,25.65,56.4,-88.84,0.33
SESHAPAPER.NS,Mid,21.26,43.26,-66.51,0.33
OPTIEMUS.NS,Mid,26.31,59.24,-95.33,0.33
GUFICBIO.NS,Mid,22.59,47.93,-75.3,0.33
TITAGARH.NS,Mid,23.36,49.28,-88.15,0.33
CUBEXTUB.NS,Small,26.69,59.46,-80.3,0.33
RKFORGE.NS,Mid,21.54,43.53,-83.89,0.33
TRIVENI.NS,Mid,23.25,49.0,-70.89,0.33
APOLLO.NS,Mid,26.16,58.21,-90.6,0.33
SALONA.NS,Mid,27.41,61.72,-83.1,0.33
PROSTARM.NS,Small,27.23,60.92,-51.83,0.33
MGEL.NS,Penny,24.6,53.23,-75.2,0.33
APOLLO.NS,Small,26.16,58.21,-90.6,0.33
GRASIM.NS,Large,16.75,29.24,-68.59,0.33
ICDSLTD.NS,Penny,23.93,51.24,-88.6,0.33
JINDWORLD.NS,Penny,24.89,54.83,-85.2,0.33
BEDMUTHA.NS,Small,25.68,58.18,-79.16,0.32
NAM-INDIA.NS,Large,20.06,40.78,-58.02,0.32
SAILIFE.NS,Mid,20.09,40.58,-18.55,0.32
TECHM.NS,Large,16.29,29.01,-46.57,0.32
JITFINFRA.NS,Mid,23.97,53.51,-95.9,0.32
GMRP&UI.NS,Small,24.7,54.47,-68.09,0.32
FIEMIND.NS,Large,20.62,42.32,-82.5,0.32
STYRENIX.NS,Large,19.48,38.53,-66.49,0.32
NELCO.NS,Mid,22.74,49.84,-66.08,0.32
TATAELXSI.NS,Large,18.4,35.6,-62.28,0.32
SCHNEIDER.NS,Large,21.81,46.44,-63.97,0.32
WINDMACHIN.NS,Mid,25.62,58.53,-94.51,0.32
WSI.NS,Small,25.7,58.34,-96.58,0.32
ARMANFIN.NS,Large,21.8,48.48,-73.86,0.31
UNIVASTU.NS,Small,23.54,53.11,-45.85,0.31
MIDHANI.NS,Mid,21.13,45.72,-56.0,0.31
FORTIS.NS,Mid,17.82,34.74,-49.96,0.31
ELECTHERM.NS,Mid,25.24,59.32,-85.51,0.31
KINGFA.NS,Large,34.0,86.46,-72.11,0.31
DEVIT.NS,Penny,23.12,52.34,-69.17,0.31
TRIDENT.NS,Penny,20.99,45.06,-66.05,0.31
ARVEE.NS,Small,23.45,53.86,-68.67,0.31
JUBLINGREA.NS,Mid,20.99,45.0,-55.09,0.31
KEYFINSERV.NS,Mid,26.01,60.77,-71.85,0.31
MAITHANALL.NS,Large,21.62,47.65,-68.07,0.31
ARVSMART.NS,Mid,21.39,46.79,-71.21,0.31
PUNJABCHEM.NS,Large,20.87,44.94,-64.6,0.31
BBL.NS,Large,20.43,42.97,-73.34,0.31
SHRIRAMFIN.NS,Large,20.25,43.16,-71.87,0.31
KILITCH.NS,Small,22.81,53.18,-68.83,0.3
BHARATFORG.NS,Large,17.32,34.89,-71.72,0.3
SHAH.NS,Penny,24.08,56.83,-59.26,0.3
SURYAROSNI.NS,Mid,21.58,48.61,-87.19,0.3
ASHAPURMIN.NS,Mid,23.74,56.03,-85.31,0.3
SHANTIGEAR.NS,Mid,19.7,42.01,-64.19,0.3
RHIM.NS,Mid,18.92,40.04,-61.42,0.3
PTC.NS,Small,18.21,37.25,-71.36,0.3
MANAKALUCO.NS,Penny,26.72,65.42,-86.93,0.3
KOTHARIPET.NS,Small,22.68,53.1,-67.47,0.3
PREMEXPLN.NS,Mid,22.7,52.55,-88.63,0.3
RAMKY.NS,Mid,24.21,58.33,-93.62,0.3
EMUDHRA.NS,Mid,19.35,41.67,-62.17,0.3
SRHHYPOLTD.NS,Mid,23.42,54.13,-71.54,0.3
ASAHIINDIA.NS,Mid,18.64,38.69,-67.12,0.3
SHREERAMA.NS,Penny,24.81,58.4,-85.12,0.3
PAR.NS,Small,22.8,52.61,-77.45,0.3
UTIAMC.NS,Large,17.43,34.88,-48.95,0.3
MRF.NS,Large,14.8,25.62,-35.61,0.3
63MOONS.NS,Mid,23.95,56.87,-76.47,0.3
VLSFINANCE.NS,Mid,21.75,49.9,-71.42,0.3
GMMPFAUDLR.NS,Mid,19.0,40.0,-63.04,0.3
BCLIND.NS,Penny,22.39,51.16,-68.78,0.3
GRANULES.NS,Mid,18.88,39.44,-51.65,0.3
SUMMITSEC.NS,Large,19.42,42.76,-84.0,0.29
HATSUN.NS,Mid,16.92,34.65,-53.62,0.29
CENTEXT.NS,Penny,25.56,64.94,-84.65,0.29
LTTS.NS,Large,17.32,35.57,-49.94,0.29
KIRLOSIND.NS,Large,19.1,41.04,-72.43,0.29
BHARATRAS.NS,Large,20.33,45.98,-65.88,0.29
OSWALAGRO.NS,Small,24.76,60.49,-67.38,0.29
JKTYRE.NS,Mid,19.38,42.56,-81.22,0.29
PAVNAIND.NS,Penny,21.65,51.26,-80.35,0.29
CHENNPETRO.NS,Mid,20.93,48.55,-89.23,0.29
GODFRYPHLP.NS,Large,20.82,47.35,-54.89,0.29
CHENNPETRO.NS,Large,20.93,48.55,-89.23,0.29
HAVELLS.NS,Large,15.45,28.89,-42.77,0.29
GANDHITUBE.NS,Mid,18.49,39.21,-66.42,0.29
NACLIND.NS,Small,22.29,51.91,-73.67,0.29
PANACHE.NS,Mid,22.24,52.35,-54.91,0.29
RITES.NS,Mid,18.61,40.39,-53.41,0.29
MARUTI.NS,Large,15.07,27.45,-58.26,0.29
WINDLAS.NS,Mid,18.91,41.75,-49.64,0.29
DLF.NS,Mid,18.3,40.72,-54.16,0.28
RPTECH.NS,Mid,18.37,40.07,-43.05,0.28
AIAENG.NS,Large,15.35,29.36,-37.09,0.28
REDINGTON.NS,Mid,19.7,44.74,-67.26,0.28
MFSL.NS,Large,17.14,36.6,-57.36,0.28
BALAMINES.NS,Large,20.56,47.59,-80.01,0.28
LMW.NS,Large,15.92,32.09,-76.7,0.28
MODISONLTD.NS,Small,21.28,50.22,-48.79,0.28
KSL.NS,Mid,18.59,41.82,-76.47,0.28
NESCO.NS,Large,15.62,31.32,-49.66,0.28
CGCL.NS,Small,21.97,54.33,-81.5,0.28
SOFTTECH.NS,Mid,20.74,48.98,-61.25,0.28
GODREJPROP.NS,Large,18.08,40.02,-59.51,0.28
INDIGO.NS,Large,16.97,35.47,-54.65,0.28
SHAHALLOYS.NS,Small,23.73,60.24,-90.22,0.28
SJVN.NS,Small,16.99,35.21,-57.3,0.28
GHCL.NS,Mid,17.87,39.25,-77.74,0.28
MHLXMIRU.NS,Small,24.49,62.04,-59.2,0.28
MANAKSTEEL.NS,Small,23.76,63.17,-87.58,0.27
PSPPROJECT.NS,Mid,16.78,35.88,-51.8,0.27
SENCO.NS,Mid,19.62,46.9,-67.83,0.27
WEIZMANIND.NS,Small,23.13,60.7,-75.79,0.27
ORCHPHARMA.NS,Mid,30.69,87.02,-92.99,0.27
DHUNINV.NS,Mid,22.01,54.66,-78.26,0.27
RADHIKAJWE.NS,Small,22.53,56.85,-66.41,0.27
ATUL.NS,Large,14.61,28.62,-51.76,0.27
SHREYANIND.NS,Small,21.58,53.31,-72.21,0.27
HINDCON.NS,Penny,21.27,53.4,-73.76,0.27
MAHASTEEL.NS,Mid,22.03,55.05,-89.62,0.27
APCOTEXIND.NS,Mid,18.27,42.4,-72.26,0.27
SASKEN.NS,Large,18.37,41.86,-64.09,0.27
GOLDTECH.NS,Penny,23.89,62.48,-81.83,0.27
MAGNUM.NS,Penny,23.49,60.38,-88.22,0.27
SILINV.NS,Mid,19.98,48.72,-86.79,0.27
TECHNOE.NS,Large,17.94,40.13,-59.78,0.27
ULTRACEMCO.NS,Large,14.07,26.42,-37.5,0.27
ZAGGLE.NS,Mid,22.22,55.85,-67.77,0.27
KEC.NS,Mid,17.18,37.93,-63.46,0.27
KARURVYSYA.NS,Mid,16.97,37.44,-85.05,0.27
TRITURBINE.NS,Mid,19.01,44.05,-68.17,0.27
MARICO.NS,Mid,13.24,23.73,-38.14,0.26
IOC.NS,Small,14.87,30.14,-62.59,0.26
PKTEA.NS,Mid,20.06,49.75,-89.38,0.26
NEWGEN.NS,Mid,19.11,46.77,-76.98,0.26
TTML.NS,Penny,22.17,58.57,-89.19,0.26
WIPL.NS,Small,18.49,43.77,-60.59,0.26
NAHARPOLY.NS,Mid,21.0,54.45,-70.21,0.26
JAMNAAUTO.NS,Small,18.05,42.62,-77.41,0.26
PNBGILTS.NS,Small,17.84,41.35,-60.15,0.26
MOLDTKPAC.NS,Mid,16.13,35.11,-61.06,0.26
FCL.NS,Penny,23.26,61.41,-77.09,0.26
IOLCP.NS,Small,20.23,50.63,-70.05,0.26
GENUSPOWER.NS,Mid,20.0,50.13,-84.22,0.26
SMSPHARMA.NS,Mid,18.89,45.84,-76.51,0.26
JUBLCPL.NS,Large,21.36,55.71,-49.81,0.26
AHLUCONT.NS,Mid,23.64,64.84,-57.58,0.26
SWANCORP.NS,Mid,19.85,49.43,-61.88,0.26
PDMJEPAPER.NS,Small,20.5,52.43,-71.26,0.26
TCPLPACK.NS,Large,19.32,47.76,-79.33,0.26
GUJALKALI.NS,Mid,17.88,42.13,-78.73,0.26
VINYLINDIA.NS,Mid,20.26,50.26,-80.89,0.26
VMART.NS,Mid,17.48,40.81,-63.85,0.26
MANKIND.NS,Large,14.95,31.03,-35.69,0.26
EKC.NS,Small,22.18,57.63,-86.67,0.26
POCL.NS,Large,46.11,149.17,-56.92,0.26
AXISCADES.NS,Large,21.55,55.99,-90.74,0.26
TNPETRO.NS,Small,18.79,47.67,-72.45,0.25
HDFCBANK.NS,Mid,12.59,22.78,-41.05,0.25
HINDPETRO.NS,Mid,16.57,38.84,-64.57,0.25
EUROBOND.NS,Small,18.67,46.54,-43.87,0.25
PFIZER.NS,Large,13.18,25.01,-42.71,0.25
MCL.NS,Small,20.94,54.7,-83.09,0.25
LTF.NS,Mid,17.09,39.72,-76.72,0.25
BIRLAMONEY.NS,Small,20.38,54.36,-88.92,0.25
ENDURANCE.NS,Large,15.49,33.38,-62.19,0.25
CENTURYPLY.NS,Mid,16.09,36.49,-71.09,0.25
EICHERMOT.NS,Large,14.6,30.57,-60.66,0.25
BSOFT.NS,Mid,17.5,41.71,-72.1,0.25
PIGL.NS,Small,19.93,52.28,-77.22,0.25
BALRAMCHIN.NS,Mid,18.02,43.67,-66.2,0.25
RSYSTEMS.NS,Mid,18.55,46.05,-59.47,0.25
CLSEL.NS,Mid,18.6,46.19,-51.65,0.25
LOTUSEYE.NS,Small,20.53,54.82,-59.52,0.25
MANOMAY.NS,Mid,18.73,46.39,-48.4,0.25
HOMEFIRST.NS,Mid,16.31,38.5,-38.82,0.24
VIDHIING.NS,Mid,17.78,44.67,-63.11,0.24
INDNIPPON.NS,Mid,17.27,42.78,-71.02,0.24
AVONMORE.NS,Penny,19.43,51.51,-64.64,0.24
ASIANENE.NS,Mid,19.48,52.31,-67.33,0.24
HISARMETAL.NS,Small,21.88,61.45,-74.63,0.24
MMFL.NS,Mid,16.47,40.23,-78.17,0.24
ASKAUTOLTD.NS,Mid,15.96,36.81,-33.61,0.24
HOMEFIRST.NS,Large,16.31,38.5,-38.82,0.24
HONAUT.NS,Large,13.96,29.44,-54.89,0.24
PFOCUS.NS,Mid,21.3,59.71,-86.44,0.24
EIMCOELECO.NS,Large,18.19,47.58,-71.35,0.24
20MICRONS.NS,Small,19.43,50.97,-67.64,0.24
SBILIFE.NS,Large,13.27,26.78,-46.84,0.23
ICICIGI.NS,Large,13.65,29.04,-42.29,0.23
NILASPACES.NS,Penny,20.92,59.54,-89.36,0.23
ZYDUSWELL.NS,Mid,13.67,28.48,-42.04,0.23
INDIACEM.NS,Mid,16.96,44.04,-67.69,0.23
MOTHERSON.NS,Small,16.32,41.26,-78.22,0.23
CENTUM.NS,Large,18.63,51.15,-75.87,0.23
SAIL.NS,Small,16.98,44.05,-79.35,0.23
HUDCO.NS,Small,17.23,44.03,-80.17,0.23
LFIC.NS,Small,20.73,58.97,-69.45,0.23
FOSECOIND.NS,Large,15.56,36.68,-59.24,0.23
BASF.NS,Large,15.77,37.73,-64.73,0.23
ZENITHSTL.NS,Penny,24.2,74.37,-89.29,0.23
KHAICHEM.NS,Small,19.86,55.17,-71.19,0.23
COLPAL.NS,Large,11.99,22.13,-52.0,0.23
BIOCON.NS,Mid,14.9,33.64,-58.85,0.23
AUBANK.NS,Mid,15.76,38.0,-67.77,0.23
MINDACORP.NS,Mid,16.89,44.37,-75.3,0.22
SHARDAMOTR.NS,Mid,18.59,51.62,-81.88,0.22
SYNCOMF.NS,Penny,18.54,51.85,-61.52,0.22
POONAWALLA.NS,Mid,17.26,46.68,-93.0,0.22
COALINDIA.NS,Mid,13.4,28.82,-58.8,0.22
NUCLEUS.NS,Mid,16.73,44.86,-67.08,0.22
VASWANI.NS,Small,21.97,66.88,-89.35,0.22
SOBHA.NS,Large,16.77,44.87,-78.63,0.22
CANBK.NS,Small,16.13,41.77,-82.7,0.22
BEML.NS,Large,17.28,45.8,-79.28,0.22
HFCL.NS,Small,18.21,51.93,-76.03,0.22
BHAGERIA.NS,Small,17.59,47.64,-65.74,0.22
KTKBANK.NS,Mid,15.26,36.77,-76.75,0.22
ADANIENSOL.NS,Mid,18.13,50.53,-52.89,0.22
DYNAMATECH.NS,Large,17.15,45.7,-86.62,0.22
ELECTCAST.NS,Small,17.95,49.44,-79.52,0.22
ADANIENSOL.NS,Large,18.13,50.53,-52.89,0.22
LATTEYS.NS,Penny,20.74,64.23,-72.51,0.21
BERGEPAINT.NS,Mid,12.89,27.97,-42.43,0.21
HINDUNILVR.NS,Large,11.59,21.8,-30.46,0.21
EIDPARRY.NS,Mid,15.15,38.66,-71.22,0.21
SOTL.NS,Mid,15.21,38.29,-68.59,0.21
RBZJEWEL.NS,Small,17.26,49.55,-57.42,0.21
POKARNA.NS,Mid,18.57,54.06,-84.47,0.21
OFSS.NS,Large,13.24,30.34,-64.91,0.21
KANPRPLA.NS,Mid,17.83,50.64,-62.12,0.21
GPTINFRA.NS,Small,18.72,56.89,-94.09,0.21
GUJGASLTD.NS,Mid,13.72,31.69,-58.45,0.21
HINDOILEXP.NS,Small,17.16,48.59,-80.23,0.21
PAISALO.NS,Penny,17.93,52.12,-68.74,0.21
TOUCHWOOD.NS,Small,18.55,55.02,-70.64,0.21
IIFL.NS,Mid,17.1,49.08,-86.48,0.21
JUBLFOOD.NS,Mid,14.47,35.21,-53.97,0.21
VENKEYS.NS,Large,16.63,48.71,-86.33,0.2
GAIL.NS,Small,13.4,32.42,-61.66,0.2
SHARDACROP.NS,Large,16.41,45.96,-80.87,0.2
ORIENTHOT.NS,Small,16.53,46.86,-77.27,0.2
BHARATWIRE.NS,Small,17.71,53.54,-93.37,0.2
ETERNAL.NS,Mid,16.5,48.64,-74.02,0.2
CHALET.NS,Mid,15.01,40.48,-73.06,0.2
ASIANPAINT.NS,Large,11.93,24.43,-39.04,0.2
LAGNAM.NS,Small,17.13,51.77,-70.39,0.2
PURVA.NS,Mid,17.25,52.41,-81.65,0.2
RAMASTEEL.NS,Penny,17.6,53.3,-94.14,0.2
PRAJIND.NS,Mid,16.22,45.97,-70.88,0.2
IGL.NS,Small,13.48,32.13,-45.81,0.2
STARPAPER.NS,Small,16.61,49.04,-79.01,0.2
SUMICHEM.NS,Mid,14.29,36.06,-44.12,0.2
WENDT.NS,Large,15.32,42.33,-65.42,0.2
TARAPUR.NS,Penny,17.83,53.64,-73.83,0.2
CREDITACC.NS,Large,15.91,44.76,-68.32,0.2
HYBRIDFIN.NS,Penny,18.45,57.63,-73.13,0.2
ROHLTD.NS,Mid,17.5,52.58,-84.42,0.2
BPCL.NS,Mid,13.86,33.65,-50.13,0.2
VTL.NS,Mid,13.8,34.49,-57.62,0.2
INNOVACAP.NS,Mid,15.21,40.63,-48.0,0.2
ONGC.NS,Mid,13.61,33.08,-69.52,0.2
ANDHRSUGAR.NS,Small,15.51,42.41,-79.05,0.2
ASHOKLEY.NS,Small,14.69,38.72,-77.77,0.2
GICL.NS,Penny,16.69,49.52,-81.07,0.2
BAFNAPH.NS,Small,16.36,46.95,-89.84,0.2
FINCABLES.NS,Mid,14.18,36.73,-76.4,0.2
SCI.NS,Mid,16.6,48.59,-76.78,0.2
BHARATWIRE.NS,Mid,17.71,53.54,-93.37,0.2
ARVIND.NS,Mid,16.3,45.48,-88.46,0.2
SHRINGARMS.NS,Mid,16.72,49.06,-36.27,0.2
NOCIL.NS,Small,14.91,42.1,-74.98,0.19
EDELWEISS.NS,Small,16.83,51.48,-90.47,0.19
KAMATHOTEL.NS,Small,17.65,56.3,-90.07,0.19
MADRASFERT.NS,Small,18.3,57.97,-82.39,0.19
CUB.NS,Mid,13.41,33.57,-54.55,0.19
URAVIDEF.NS,Small,14.33,39.03,-82.55,0.19
CEATLTD.NS,Large,13.73,36.14,-67.78,0.19
PAGEIND.NS,Large,12.91,30.5,-53.22,0.19
VAIBHAVGBL.NS,Mid,15.24,42.83,-80.73,0.19
MANINFRA.NS,Small,15.91,45.89,-78.19,0.19
GREENLAM.NS,Mid,14.61,39.98,-65.24,0.19
MANGLMCEM.NS,Mid,14.89,41.55,-71.33,0.19
STALLION.NS,Small,21.9,76.76,-75.42,0.19
LINCOLN.NS,Mid,15.1,43.76,-69.32,0.19
CANFINHOME.NS,Mid,14.44,38.63,-65.72,0.19
MOIL.NS,Mid,14.52,39.71,-63.32,0.19
KRITIKA.NS,Penny,15.06,41.5,-82.29,0.19
HAPPYFORGE.NS,Large,12.52,29.7,-40.63,0.19
JMFINANCIL.NS,Small,15.44,45.31,-68.6,0.19
ENRIN.NS,Large,13.3,33.29,-41.07,0.19
ENGINERSIN.NS,Mid,14.57,39.35,-72.27,0.19
EXCELINDUS.NS,Mid,15.68,45.33,-78.01,0.19
WANBURY.NS,Mid,16.62,49.38,-84.9,0.19
AARTIIND.NS,Mid,13.46,33.63,-70.22,0.19
ENGINERSIN.NS,Small,14.57,39.35,-72.27,0.19
EQUITASBNK.NS,Small,14.31,37.76,-55.55,0.19
TAJGVK.NS,Mid,16.14,47.22,-65.7,0.19
INDIAMART.NS,Large,20.52,74.62,-62.67,0.18
AUSOMENT.NS,Small,18.62,63.92,-78.09,0.18
INDOBORAX.NS,Mid,15.24,45.63,-44.37,0.18
GOACARBON.NS,Mid,16.91,55.74,-90.48,0.18
ABSLAMC.NS,Mid,12.44,30.71,-54.14,0.18
TAINWALCHM.NS,Mid,18.23,62.66,-76.26,0.18
BIRLACABLE.NS,Small,17.44,57.24,-88.1,0.18
GNA.NS,Mid,15.13,43.99,-75.6,0.18
SIGMA.NS,Penny,19.33,67.54,-95.79,0.18
BBTC.NS,Large,14.6,42.59,-70.2,0.18
GENESYS.NS,Mid,17.58,59.34,-94.06,0.18
NAHARCAP.NS,Mid,15.89,48.13,-77.88,0.18
BCONCEPTS.NS,Mid,16.43,52.47,-82.33,0.18
BHEL.NS,Mid,14.93,44.08,-82.27,0.18
PRAKASH.NS,Small,16.42,53.68,-91.0,0.18
MARATHON.NS,Mid,16.94,55.02,-87.52,0.18
DLINKINDIA.NS,Mid,15.9,49.39,-63.4,0.18
ABSLAMC.NS,Large,12.44,30.71,-54.14,0.18
INDBANK.NS,Penny,17.59,59.73,-86.65,0.18
ECLERX.NS,Large,14.14,39.35,-78.76,0.18
SILGO.NS,Small,16.62,52.02,-75.84,0.18
BLBLIMITED.NS,Penny,17.92,64.32,-75.87,0.17
IGPL.NS,Mid,15.25,49.71,-89.46,0.17
GUJAPOLLO.NS,Mid,15.19,47.73,-64.1,0.17
TVSELECT.NS,Mid,16.59,56.33,-90.82,0.17
JINDRILL.NS,Mid,15.74,51.74,-81.0,0.17
ZENITHEXPO.NS,Mid,16.83,57.05,-85.4,0.17
AUTOAXLES.NS,Large,13.81,39.85,-78.73,0.17
ADOR.NS,Large,14.49,44.33,-72.28,0.17
EMKAY.NS,Small,16.96,57.67,-91.67,0.17
AXISBANK.NS,Large,12.33,32.21,-63.11,0.17
DODLA.NS,Large,13.25,36.79,-35.28,0.17
AKZOINDIA.NS,Large,11.48,26.48,-35.53,0.17
PANACEABIO.NS,Mid,16.86,56.49,-75.52,0.17
RGL.NS,Small,15.16,49.11,-59.46,0.17
DALMIASUG.NS,Mid,15.96,51.56,-78.57,0.17
RCF.NS,Small,14.89,45.27,-78.67,0.17
ZYDUSLIFE.NS,Mid,12.22,30.15,-60.09,0.17
ADOR.NS,Mid,14.49,44.33,-72.28,0.17
CERA.NS,Large,12.43,31.32,-56.17,0.17
RAIN.NS,Small,15.6,49.97,-89.61,0.17
AJMERA.NS,Small,15.83,51.67,-84.02,0.17
EMKAY.NS,Mid,16.96,57.67,-91.67,0.17
ZENSARTECH.NS,Mid,13.79,40.07,-79.2,0.17
MPSLTD.NS,Large,13.92,43.16,-73.91,0.16
MARKSANS.NS,Small,15.13,50.53,-81.59,0.16
KOTAKBANK.NS,Mid,11.17,25.95,-36.5,0.16
MAXIND.NS,Small,13.72,41.3,-62.73,0.16
MUKANDLTD.NS,Small,15.11,50.34,-88.46,0.16
MEDICO.NS,Penny,15.01,51.62,-66.12,0.16
SKMEGGPROD.NS,Small,15.72,53.15,-81.48,0.16
DVL.NS,Small,14.71,47.29,-74.93,0.16
UTTAMSUGAR.NS,Mid,16.42,58.44,-80.11,0.16
MAXESTATES.NS,Mid,14.16,45.75,-54.88,0.16
WORTHPERI.NS,Small,15.98,54.67,-71.78,0.16
EMCURE.NS,Large,12.92,36.85,-40.68,0.16
MAZDA.NS,Mid,14.28,45.55,-60.21,0.16
RITCO.NS,Mid,14.86,49.65,-58.37,0.16
IEX.NS,Small,13.12,37.56,-58.95,0.16
AJANTPHARM.NS,Large,12.03,30.77,-57.27,0.16
DVL.NS,Mid,14.71,47.29,-74.93,0.16
PVP.NS,Penny,21.7,92.33,-83.17,0.16
PETRONET.NS,Mid,11.5,28.76,-38.29,0.16
KMSUGAR.NS,Penny,15.83,56.65,-84.89,0.16
SHRADHA.NS,Penny,15.54,56.68,-73.63,0.15
VHL.NS,Large,13.98,45.07,-86.09,0.15
AARTIDRUGS.NS,Mid,12.82,38.72,-68.4,0.15
JUBLPHARMA.NS,Mid,13.22,42.55,-76.0,0.15
VSTTILLERS.NS,Large,12.57,36.02,-78.48,0.15
LALPATHLAB.NS,Large,11.98,32.48,-57.48,0.15
SAMPANN.NS,Penny,16.48,63.16,-94.39,0.15
ISGEC.NS,Mid,13.5,43.79,-56.66,0.15
EPL.NS,Small,12.52,37.08,-48.88,0.15
PREMIERENE.NS,Large,14.05,48.53,-50.2,0.15
TMB.NS,Mid,10.79,25.92,-30.44,0.15
MOTISONS.NS,Penny,15.23,56.74,-66.42,0.15
ARIES.NS,Mid,14.91,52.79,-85.49,0.15
ACMESOLAR.NS,Mid,14.33,47.91,-38.11,0.15
MAWANASUG.NS,Small,15.57,55.77,-88.43,0.15
ISGEC.NS,Large,13.5,43.79,-56.66,0.15
EPL.NS,Mid,12.52,37.08,-48.88,0.15
INFY.NS,Large,11.03,26.37,-37.14,0.15
ANTELOPUS.NS,Mid,18.11,73.12,-38.64,0.15
TNTELE.NS,Penny,14.13,47.06,-78.65,0.15
COSMOFIRST.NS,Mid,13.72,44.37,-66.15,0.15
JAYBARMARU.NS,Small,14.59,51.57,-86.31,0.15
RATEGAIN.NS,Mid,13.58,45.06,-53.75,0.15
AETHER.NS,Large,11.74,32.19,-37.32,0.15
AAREYDRUGS.NS,Small,14.58,50.71,-63.1,0.15
KRITINUT.NS,Small,15.19,54.21,-65.98,0.15
OSWALSEEDS.NS,Penny,13.91,46.96,-84.41,0.15
BLKASHYAP.NS,Penny,14.99,56.87,-95.0,0.14
VISAKAIND.NS,Small,13.28,46.51,-86.34,0.14
HARRMALAYA.NS,Mid,13.54,48.05,-62.13,0.14
PPL.NS,Mid,13.71,49.08,-78.88,0.14
CINEVISTA.NS,Penny,15.08,59.65,-84.22,0.14
ERIS.NS,Large,11.24,31.11,-55.84,0.14
ROTO.NS,Small,13.31,44.45,-58.93,0.14
EIHOTEL.NS,Mid,12.44,38.89,-74.26,0.14
STYLAMIND.NS,Large,12.98,41.42,-43.56,0.14
HARRMALAYA.NS,Small,13.54,48.05,-62.13,0.14
GULPOLY.NS,Small,13.27,45.73,-80.58,0.14
BLKASHYAP.NS,Small,14.99,56.87,-95.0,0.14
NITIRAJ.NS,Mid,13.15,45.04,-59.3,0.14
UNIENTER.NS,Small,13.42,45.57,-74.87,0.14
SAATVIKGL.NS,Mid,13.89,48.49,-39.52,0.14
AGARIND.NS,Mid,14.5,52.63,-94.23,0.14
AVL.NS,Mid,12.74,41.2,-36.0,0.14
ONWARDTEC.NS,Mid,15.0,55.21,-77.66,0.14
SUPRAJIT.NS,Mid,12.14,37.12,-67.15,0.14
APOLLOTYRE.NS,Mid,11.78,34.27,-73.19,0.14
MGL.NS,Large,11.31,32.58,-52.23,0.13
CONSOFINVT.NS,Mid,13.54,49.75,-77.8,0.13
IFGLEXPOR.NS,Small,15.84,69.81,-80.05,0.13
BUTTERFLY.NS,Mid,13.53,50.23,-86.06,0.13
HCG.NS,Mid,11.55,35.01,-80.41,0.13
DJML.NS,Small,12.86,46.47,-74.11,0.13
KECL.NS,Small,14.34,55.46,-90.13,0.13
DPWIRES.NS,Small,13.86,52.06,-80.18,0.13
SUNTECK.NS,Mid,12.33,41.87,-71.62,0.13
BALMLAWRIE.NS,Small,11.45,34.26,-59.4,0.13
EXIDEIND.NS,Mid,10.8,29.65,-56.42,0.13
MANCREDIT.NS,Small,10.82,30.5,-25.03,0.13
ASTEC.NS,Mid,13.01,47.14,-76.79,0.13
TEXINFRA.NS,Small,13.38,47.27,-69.17,0.13
JPPOWER.NS,Penny,14.94,62.42,-95.77,0.13
FAZE3Q.NS,Mid,14.47,55.39,-52.4,0.13
SUZLON.NS,Small,14.52,56.61,-91.76,0.13
CORDSCABLE.NS,Small,14.01,54.9,-84.4,0.13
TCS.NS,Large,10.19,23.67,-45.36,0.13
VENUSREM.NS,Large,23.84,134.31,-79.98,0.13
MRPL.NS,Small,12.88,46.88,-83.51,0.13
GLENMARK.NS,Large,11.66,35.21,-80.28,0.13
3PLAND.NS,Penny,14.05,58.81,-82.47,0.12
DCMNVL.NS,Small,13.6,53.37,-74.73,0.12
NDGL.NS,Large,14.03,57.9,-86.08,0.12
BFINVEST.NS,Mid,13.32,52.53,-60.77,0.12
AARVI.NS,Small,13.2,51.86,-82.09,0.12
SONACOMS.NS,Mid,11.64,38.49,-51.19,0.12
IMPAL.NS,Large,10.86,31.27,-54.8,0.12
EIFFL.NS,Mid,11.88,41.2,-54.69,0.12
SASTASUNDR.NS,Mid,12.66,48.7,-71.68,0.12
PENIND.NS,Small,13.24,50.91,-83.87,0.12
SALASAR.NS,Penny,13.78,54.38,-83.39,0.12
DONEAR.NS,Small,13.14,52.13,-76.49,0.12
CENTENKA.NS,Mid,11.73,39.37,-73.43,0.12
HBLENGINE.NS,Mid,13.16,51.18,-43.9,0.12
TREJHARA.NS,Small,14.3,59.0,-92.79,0.12
SUMIT.NS,Small,13.77,58.37,-79.35,0.12
AMAGI.NS,Mid,12.22,42.01,-24.02,0.12
VIJAYA.NS,Large,11.95,41.86,-53.36,0.12
RICOAUTO.NS,Small,13.21,52.51,-83.84,0.12
IMPAL.NS,Mid,10.86,31.27,-54.8,0.12
GODREJCP.NS,Large,10.34,28.79,-54.23,0.12
GSFC.NS,Small,12.07,41.49,-79.98,0.12
SURANAT&P.NS,Penny,14.04,57.53,-72.51,0.12
SPIC.NS,Small,13.04,51.3,-81.27,0.12
SUPRIYA.NS,Mid,12.53,46.95,-69.1,0.12
MAGADSUGAR.NS,Mid,13.42,54.65,-76.84,0.12
VIPIND.NS,Mid,11.61,40.09,-67.6,0.12
JAYAGROGN.NS,Mid,12.49,48.97,-90.02,0.11
RELIABLE.NS,Small,12.11,48.26,-71.94,0.11
KOPRAN.NS,Small,12.98,52.35,-83.47,0.11
CONTROLPR.NS,Mid,11.42,39.65,-67.89,0.11
PIXTRANS.NS,Large,11.9,44.27,-53.09,0.11
FINPIPE.NS,Small,10.86,34.11,-56.64,0.11
NFL.NS,Small,12.3,46.38,-78.72,0.11
CIPLA.NS,Large,9.92,25.66,-43.4,0.11
KOLTEPATIL.NS,Mid,12.33,47.83,-70.67,0.11
TERASOFT.NS,Mid,14.3,65.85,-89.93,0.11
HERITGFOOD.NS,Mid,11.66,41.26,-81.38,0.11
KICL.NS,Large,11.4,38.87,-70.58,0.11
CINELINE.NS,Small,13.03,53.31,-84.79,0.11
CIGNITITEC.NS,Large,11.64,40.55,-66.14,0.11
NATCOPHARM.NS,Large,10.77,34.01,-55.44,0.11
SALZERELEC.NS,Mid,12.43,49.42,-77.35,0.11
MENONBE.NS,Small,11.85,45.53,-74.21,0.11
LOKESHMACH.NS,Mid,13.23,55.82,-86.42,0.11
SIYSIL.NS,Mid,11.77,45.26,-86.93,0.11
STLTECH.NS,Mid,12.61,50.05,-84.27,0.11
INTELLECT.NS,Mid,12.19,48.38,-84.21,0.11
PRAENG.NS,Penny,13.9,60.2,-79.4,0.11
WEWIN.NS,Small,12.34,48.77,-68.33,0.11
AARTECH.NS,Small,12.33,53.06,-65.25,0.1
INSECTICID.NS,Mid,10.86,38.28,-76.23,0.1
ITDC.NS,Mid,12.79,55.56,-84.28,0.1
METROPOLIS.NS,Mid,10.71,36.94,-65.2,0.1
MOTILALOFS.NS,Mid,11.7,48.88,-80.0,0.1
MAHABANK.NS,Small,11.34,43.55,-77.89,0.1
BIRLACORPN.NS,Mid,10.74,37.73,-69.31,0.1
AMRUTANJAN.NS,Mid,10.52,36.86,-48.78,0.1
BGRENERGY.NS,Mid,12.71,56.88,-89.24,0.1
DWARKESH.NS,Penny,12.42,52.91,-81.73,0.1
CONFIPET.NS,Small,12.05,50.86,-74.78,0.1
JMA.NS,Small,11.77,46.71,-70.82,0.1
HESTERBIO.NS,Large,11.33,41.56,-60.86,0.1
AARTECH.NS,Penny,12.33,53.06,-65.25,0.1
ZUARIIND.NS,Mid,12.34,54.27,-92.17,0.1
CRISIL.NS,Large,10.12,30.42,-50.97,0.1
LLOYDSENGG.NS,Small,12.42,54.91,-58.77,0.1
SECMARK.NS,Small,13.13,63.32,-40.02,0.1
CONFIPET.NS,Penny,12.05,50.86,-74.78,0.1
ALEMBICLTD.NS,Small,11.03,43.58,-57.42,0.09
GENUSPAPER.NS,Penny,12.37,57.09,-82.04,0.09
MINDTECK.NS,Mid,12.44,58.37,-86.39,0.09
SKIPPER.NS,Mid,11.8,54.55,-93.66,0.09
SOUTHBANK.NS,Penny,10.61,41.43,-85.03,0.09
INDSWFTLAB.NS,Small,11.82,52.64,-85.01,0.09
GOKUL.NS,Penny,12.14,58.11,-77.2,0.09
SPMLINFRA.NS,Mid,12.36,59.64,-97.14,0.09
IFBIND.NS,Mid,11.4,47.2,-84.17,0.09
3MINDIA.NS,Large,9.64,30.11,-42.64,0.09
IFBIND.NS,Large,11.4,47.2,-84.17,0.09
GODREJIND.NS,Mid,9.77,32.0,-65.63,0.09
PARAS.NS,Mid,11.82,54.86,-73.25,0.09
ESSENTIA.NS,Penny,12.67,64.17,-96.67,0.09
OAL.NS,Mid,11.69,51.52,-77.38,0.09
INDOWIND.NS,Penny,12.13,56.64,-88.57,0.09
HGINFRA.NS,Mid,11.34,45.78,-76.27,0.09
ADVANIHOTR.NS,Penny,11.34,46.69,-65.97,0.09
GEOJITFSL.NS,Small,11.11,45.5,-87.54,0.09
KUANTUM.NS,Small,11.75,50.42,-68.84,0.09
ADVANIHOTR.NS,Small,11.34,46.69,-65.97,0.09
JTEKTINDIA.NS,Small,10.66,45.93,-74.5,0.08
CYIENT.NS,Mid,9.9,36.32,-76.78,0.08
ADSL.NS,Small,11.38,56.2,-77.77,0.08
KABRAEXTRU.NS,Mid,11.13,51.29,-76.03,0.08
SHEKHAWATI.NS,Penny,34.32,334.84,-93.02,0.08
MAHLIFE.NS,Mid,9.89,34.95,-72.23,0.08
ZFCVINDIA.NS,Large,9.49,29.71,-44.22,0.08
KAJARIACER.NS,Large,9.52,31.6,-59.34,0.08
ALBERTDAVD.NS,Mid,10.32,42.39,-65.23,0.08
MOLDTECH.NS,Small,11.22,50.99,-72.98,0.08
BECTORFOOD.NS,Small,10.23,38.56,-58.11,0.08
LLOYDSENT.NS,Small,11.78,59.31,-55.31,0.08
NAHARSPING.NS,Mid,10.48,45.85,-84.17,0.08
STARTECK.NS,Mid,11.43,53.46,-48.73,0.08
HGS.NS,Mid,10.05,38.29,-79.12,0.08
GIPCL.NS,Small,9.82,37.23,-65.88,0.08
GHCLTEXTIL.NS,Small,10.34,42.17,-43.87,0.08
ARENTERP.NS,Penny,11.23,55.81,-65.24,0.08
KALYANIFRG.NS,Mid,10.24,41.33,-78.76,0.08
HEROMOTOCO.NS,Large,9.15,28.08,-58.18,0.08
VSTIND.NS,Mid,9.37,29.35,-57.07,0.08
PILITA.NS,Penny,11.35,51.87,-85.0,0.08
NRBBEARING.NS,Mid,10.37,42.56,-75.74,0.08
SPAL.NS,Mid,11.04,48.63,-87.7,0.08
TBZ.NS,Small,11.0,51.08,-87.68,0.08
ARIHANTSUP.NS,Mid,11.22,49.9,-91.64,0.08
SHREEPUSHK.NS,Mid,10.83,50.87,-81.79,0.08
ASIANHOTNR.NS,Mid,10.79,45.53,-86.04,0.08
GMBREW.NS,Mid,10.25,45.03,-74.12,0.07
MSUMI.NS,Penny,8.95,29.02,-39.63,0.07
STERTOOLS.NS,Mid,10.24,48.8,-77.97,0.07
IRIS.NS,Mid,10.57,52.05,-63.32,0.07
ARE&M.NS,Mid,9.53,36.72,-60.06,0.07
SPCENET.NS,Penny,12.16,70.66,-94.59,0.07
SYNGENE.NS,Mid,8.97,29.32,-58.78,0.07
AHLEAST.NS,Small,9.92,41.89,-70.27,0.07
MMTC.NS,Small,10.97,54.23,-83.12,0.07
AAKASH.NS,Penny,10.7,53.78,-83.04,0.07
NSLNISP.NS,Penny,9.99,42.76,-53.4,0.07
ABMINTLLTD.NS,Penny,10.39,51.81,-93.83,0.07
CIEINDIA.NS,Mid,9.61,36.89,-79.4,0.07
SBGLP.NS,Penny,10.7,51.5,-86.56,0.07
KARMAENG.NS,Small,11.09,61.53,-88.46,0.07
RAMCOIND.NS,Mid,9.67,40.63,-66.78,0.07
DOLATALGO.NS,Small,10.79,52.98,-67.4,0.07
UMESLTD.NS,Penny,10.61,50.83,-78.13,0.07
GMBREW.NS,Large,10.25,45.03,-74.12,0.07
GKWLIMITED.NS,Large,10.25,49.13,-65.34,0.07
WHEELS.NS,Large,9.54,38.62,-76.88,0.07
HITECHGEAR.NS,Mid,10.35,49.39,-87.82,0.07
FCSSOFT.NS,Penny,18.11,151.39,-87.5,0.07
MSPL.NS,Penny,10.81,54.57,-86.8,0.07
AGARWALEYE.NS,Mid,8.98,30.49,-26.31,0.07
AMJLAND.NS,Penny,10.27,54.48,-60.18,0.06
AVTNPL.NS,Small,9.48,43.74,-67.76,0.06
AMBUJACEM.NS,Mid,8.97,31.75,-50.99,0.06
ACI.NS,Mid,9.26,37.09,-49.22,0.06
MIRCELECTR.NS,Penny,10.86,61.01,-93.92,0.06
GOCLCORP.NS,Mid,10.14,48.51,-82.2,0.06
PRITI.NS,Small,10.14,53.02,-88.72,0.06
MALUPAPER.NS,Penny,10.39,59.35,-63.86,0.06
BANARBEADS.NS,Small,10.43,55.48,-73.72,0.06
BVCL.NS,Penny,9.9,50.58,-80.84,0.06
SDBL.NS,Small,9.94,50.0,-84.82,0.06
RAMCOCEM.NS,Large,8.61,29.1,-48.23,0.06
DGCONTENT.NS,Penny,10.34,55.89,-78.95,0.06
WABAG.NS,Large,9.64,44.08,-89.53,0.06
ALICON.NS,Mid,9.71,45.6,-75.46,0.06
PARASPETRO.NS,Penny,32.25,455.72,-83.33,0.06
APEX.NS,Mid,10.04,53.71,-83.49,0.06
KSCL.NS,Mid,9.36,38.22,-56.8,0.06
NELCAST.NS,Small,9.53,51.37,-74.63,0.05
ABREL.NS,Large,9.44,45.59,-84.1,0.05
NCC.NS,Small,9.63,47.87,-87.99,0.05
RKDL.NS,Penny,9.82,57.83,-82.56,0.05
DCM.NS,Small,9.73,53.82,-73.23,0.05
BEARDSELL.NS,Penny,9.87,58.23,-93.49,0.05
DCBBANK.NS,Small,8.77,37.45,-74.89,0.05
TPLPLASTEH.NS,Small,9.68,59.11,-91.49,0.05
DREDGECORP.NS,Mid,9.54,50.45,-85.65,0.05
RML.NS,Mid,9.39,51.34,-85.8,0.05
SUNPHARMA.NS,Large,8.25,27.45,-60.8,0.05
UFLEX.NS,Mid,9.1,39.59,-74.83,0.05
BOMDYEING.NS,Small,9.56,52.39,-87.81,0.05
CMSINFO.NS,Mid,8.65,32.05,-54.83,0.05
APTECHT.NS,Small,9.49,53.3,-81.86,0.05
IITL.NS,Small,9.82,53.57,-71.39,0.05
SUNDRMBRAK.NS,Mid,9.29,48.13,-80.59,0.05
SOLARA.NS,Mid,9.72,52.36,-83.53,0.05
MANALIPETC.NS,Small,9.19,48.44,-82.6,0.05
DIVGIITTS.NS,Mid,9.0,39.04,-62.45,0.05
SWELECTES.NS,Mid,9.46,54.09,-84.49,0.05
HBSL.NS,Penny,10.2,64.52,-97.41,0.05
ASHIANA.NS,Mid,8.98,41.28,-83.37,0.05
SMCGLOBAL.NS,Small,8.91,39.0,-40.4,0.05
SPORTKING.NS,Small,9.37,46.9,-54.42,0.05
SUNTV.NS,Mid,8.82,36.4,-72.91,0.05
SOMICONVEY.NS,Small,10.36,64.5,-87.83,0.05
BANSWRAS.NS,Small,9.16,47.63,-78.24,0.05
VISASTEEL.NS,Penny,9.86,54.5,-90.82,0.05
CCCL.NS,Penny,17.43,225.73,-98.48,0.05
NARMADA.NS,Penny,9.22,46.17,-55.36,0.05
IFCI.NS,Small,9.58,55.79,-89.51,0.05
HBSL.NS,Small,10.2,64.52,-97.41,0.05
BHARATGEAR.NS,Small,9.8,52.74,-89.21,0.05
GROBTEA.NS,Mid,10.13,57.46,-91.07,0.05
GLFL.NS,Penny,9.47,48.46,-92.08,0.05
BANARISUG.NS,Large,8.27,34.79,-74.28,0.04
GILLETTE.NS,Large,7.89,22.08,-45.41,0.04
GLOBALVECT.NS,Mid,9.22,57.46,-83.03,0.04
NRAIL.NS,Mid,8.93,50.75,-77.79,0.04
LCCINFOTEC.NS,Penny,33.2,670.72,-82.14,0.04
MANAKSIA.NS,Small,8.67,46.58,-76.71,0.04
EIHAHOTELS.NS,Mid,8.92,43.64,-72.54,0.04
DALBHARAT.NS,Large,8.47,34.99,-66.18,0.04
EMSLIMITED.NS,Mid,9.02,51.55,-73.39,0.04
IRB.NS,Penny,8.76,47.42,-82.85,0.04
KNRCON.NS,Small,8.37,36.97,-73.18,0.04
LINC.NS,Small,8.75,45.71,-79.47,0.04
KRITI.NS,Small,27.65,462.75,-78.91,0.04
RPSGVENT.NS,Mid,9.16,50.16,-82.24,0.04
RANEHOLDIN.NS,Large,8.62,43.16,-88.93,0.04
NBCC.NS,Small,8.99,46.32,-88.94,0.04
DENORA.NS,Mid,9.15,54.75,-80.16,0.04
GSPL.NS,Mid,8.4,32.39,-48.73,0.04
KAUSHALYA.NS,Mid,9.7,68.69,-95.83,0.04
GULFOILLUB.NS,Mid,8.21,33.17,-61.53,0.04
KIRIINDUS.NS,Mid,9.01,51.4,-69.97,0.04
DRREDDY.NS,Large,8.06,25.57,-48.13,0.04
SGL.NS,Penny,9.7,62.16,-77.5,0.04
LUXIND.NS,Large,8.53,38.18,-81.73,0.04
GLOBALVECT.NS,Small,9.22,57.46,-83.03,0.04
UPL.NS,Mid,8.22,33.39,-63.54,0.04
AVADHSUGAR.NS,Mid,9.06,54.38,-85.42,0.04
NAGREEKCAP.NS,Penny,9.13,60.2,-94.99,0.04
MUNJALAU.NS,Small,8.68,46.15,-76.82,0.04
VGL.NS,Small,8.45,55.74,-92.77,0.03
BAJAJINDEF.NS,Mid,9.04,61.0,-61.99,0.03
ALOKINDS.NS,Penny,11.89,142.67,-80.99,0.03
XELPMOC.NS,Small,8.76,57.5,-84.54,0.03
BANG.NS,Penny,8.72,57.3,-81.97,0.03
HIKAL.NS,Small,8.1,44.05,-78.92,0.03
GEECEE.NS,Mid,8.57,48.6,-78.9,0.03
SANGHVIMOV.NS,Mid,8.46,51.93,-84.71,0.03
HARIOMPIPE.NS,Mid,8.35,47.53,-68.84,0.03
DYNPRO.NS,Mid,8.33,50.77,-73.4,0.03
BANKBARODA.NS,Mid,8.13,40.65,-81.22,0.03
GANGAFORGE.NS,Penny,8.63,48.95,-89.52,0.03
EPACK.NS,Mid,8.48,50.92,-69.19,0.03
REPL.NS,Small,8.81,57.91,-82.35,0.03
WESTLIFE.NS,Mid,8.0,36.34,-57.81,0.03
CROMPTON.NS,Mid,7.79,31.4,-53.49,0.03
VARDHACRLC.NS,Penny,8.24,39.51,-59.59,0.03
SANATHAN.NS,Mid,7.86,38.19,-33.96,0.02
AIROLAM.NS,Small,8.24,55.64,-73.73,0.02
BOROLTD.NS,Mid,7.81,44.15,-56.92,0.02
BLISSGVS.NS,Mid,7.98,47.55,-68.28,0.02
ORISSAMINE.NS,Large,7.78,51.43,-78.82,0.02
NRL.NS,Small,8.1,55.87,-66.3,0.02
DECCANCE.NS,Mid,7.81,38.77,-71.88,0.02
NITCO.NS,Small,8.19,56.47,-91.96,0.02
PROZONER.NS,Small,8.19,54.44,-89.97,0.02
ITC.NS,Mid,7.55,23.97,-55.28,0.02
INDIANHUME.NS,Mid,8.05,46.1,-79.57,0.02
THEMISMED.NS,Small,8.23,52.54,-80.32,0.02
CYBERMEDIA.NS,Penny,7.79,52.09,-88.89,0.02
BOSCHLTD.NS,Large,7.72,28.96,-66.48,0.02
KOTARISUG.NS,Penny,7.84,55.7,-66.59,0.02
HEIDELBERG.NS,Small,7.72,32.19,-40.37,0.02
VINDHYATEL.NS,Large,8.02,42.98,-78.84,0.02
THYROCARE.NS,Mid,9.0,104.42,-86.45,0.02
ICICIPRULI.NS,Mid,7.58,32.31,-54.88,0.02
WIPRO.NS,Mid,7.55,26.1,-50.02,0.02
DBREALTY.NS,Small,8.04,59.83,-95.46,0.02
IFBAGRO.NS,Mid,7.81,50.39,-82.81,0.02
SHREECEM.NS,Large,7.49,27.54,-42.94,0.02
NAVNETEDUL.NS,Small,7.83,35.23,-72.65,0.02
DELTAMAGNT.NS,Small,8.39,58.33,-86.98,0.02
HDFCLIFE.NS,Mid,7.61,29.18,-46.19,0.02
RUCHIRA.NS,Small,7.8,46.52,-86.53,0.02
AAVAS.NS,Large,7.81,36.45,-66.4,0.02
RENUKA.NS,Penny,7.39,50.06,-84.14,0.01
RVHL.NS,Penny,7.35,53.64,-63.4,0.01
ELGIRUBCO.NS,Small,7.82,56.12,-83.74,0.01
TOKYOPLAST.NS,Small,7.62,52.22,-75.87,0.01
HPL.NS,Mid,7.53,53.1,-89.76,0.01
RANASUG.NS,Penny,7.36,54.31,-88.06,0.01
JLHL.NS,Large,7.28,29.33,-29.31,0.01
ELGIRUBCO.NS,Penny,7.82,56.12,-83.74,0.01
ARCHIDPLY.NS,Small,7.32,56.81,-87.3,0.01
BAJAJELEC.NS,Mid,7.23,37.42,-76.26,0.01
GINNIFILA.NS,Penny,7.3,57.0,-91.43,0.01
OMINFRAL.NS,Small,7.69,54.95,-86.8,0.01
EPIGRAL.NS,Large,7.49,46.2,-65.31,0.01
KCP.NS,Small,7.52,42.86,-76.14,0.01
BSL.NS,Small,7.31,57.2,-85.73,0.01
RATNAVEER.NS,Small,7.66,49.83,-52.98,0.01
PRINCEPIPE.NS,Mid,7.55,40.6,-75.82,0.01
NIRAJISPAT.NS,Mid,7.44,47.86,-73.14,0.01
TEXMOPIPES.NS,Penny,7.58,57.55,-81.79,0.01
EPIGRAL.NS,Mid,7.49,46.2,-65.31,0.01
FDC.NS,Mid,7.24,32.44,-50.89,0.01
M&MFIN.NS,Mid,7.34,41.05,-75.24,0.01
JKIL.NS,Mid,7.35,46.74,-80.9,0.01
RADAAN.NS,Penny,7.33,48.16,-84.09,0.01
AMBIKCO.NS,Large,7.49,34.3,-70.56,0.01
STEELCITY.NS,Small,7.26,49.45,-87.61,0.01
ORIENTCER.NS,Penny,7.07,52.56,-56.47,0.0
BPL.NS,Small,6.9,60.04,-92.55,-0.0
HEMIPROP.NS,Small,6.96,46.88,-59.03,-0.0
UNITDSPR.NS,Large,6.96,24.72,-26.85,-0.0
CYBERTECH.NS,Small,14.09,3006.73,-99.47,0.0
POLICYBZR.NS,Large,6.83,46.52,-74.34,-0.0
SARVESHWAR.NS,Penny,7.04,61.02,-88.48,0.0
BPL.NS,Penny,6.9,60.04,-92.55,-0.0
HUBTOWN.NS,Mid,6.9,55.42,-95.62,-0.0
ALIVUS.NS,Large,7.03,35.94,-30.11,0.0
PALASHSECU.NS,Small,6.86,56.18,-81.64,-0.0
TARMAT.NS,Small,7.01,64.26,-76.19,0.0
ACCELYA.NS,Large,7.0,32.3,-54.11,0.0
ALIVUS.NS,Mid,7.03,35.94,-30.11,0.0
JKLAKSHMI.NS,Mid,7.01,34.58,-64.96,0.0
HUBTOWN.NS,Small,6.9,55.42,-95.62,-0.0
SANGAMIND.NS,Mid,6.91,52.87,-89.37,-0.0
MMP.NS,Mid,6.9,50.19,-72.95,-0.0
RIIL.NS,Mid,7.22,47.22,-73.36,0.0
RESPONIND.NS,Small,7.1,47.53,-65.85,0.0
PNCINFRA.NS,Mid,7.11,38.53,-71.2,0.0
VAISHALI.NS,Penny,6.85,53.07,-80.4,-0.0
GANGESSECU.NS,Small,7.22,55.19,-83.77,0.0
TFL.NS,Penny,6.99,61.29,-90.3,-0.0
ORIENTBELL.NS,Mid,7.16,51.6,-85.13,0.0
CARERATING.NS,Large,7.01,38.45,-82.18,0.0
AMBICAAGAR.NS,Penny,6.91,38.85,-59.87,-0.0
MODIRUBBER.NS,Small,7.08,47.01,-74.42,0.0
STARCEMENT.NS,Mid,6.99,34.36,-54.68,-0.0
CREATIVEYE.NS,Penny,7.18,56.55,-78.38,0.0
5PAISA-RE.NS,Penny,0.0,,,0.0
ALPA.NS,Small,6.91,56.28,-77.46,-0.0
UBL.NS,Large,7.12,27.49,-45.89,0.0
KRBL.NS,Mid,6.32,46.1,-84.85,-0.01
GCSL.NS,Mid,6.34,59.46,-30.51,-0.01
MTNL.NS,Penny,6.28,58.96,-83.8,-0.01
AUROPHARMA.NS,Large,6.57,35.75,-65.54,-0.01
PASUPTAC.NS,Penny,6.37,53.89,-58.94,-0.01
NAGREEKEXP.NS,Penny,6.47,62.37,-85.43,-0.01
EMAMIREAL.NS,Small,6.54,57.41,-93.81,-0.01
BANKA.NS,Penny,6.28,55.18,-74.08,-0.01
SAGARDEEP.NS,Penny,6.41,45.03,-80.66,-0.01
ESTER.NS,Small,6.33,52.35,-69.09,-0.01
NAZARA.NS,Mid,6.62,44.16,-69.65,-0.01
DBL.NS,Mid,6.66,48.57,-86.42,-0.01
IMAGICAA.NS,Penny,-5.56,1391.22,-98.31,-0.01
JAIPURKURT.NS,Penny,6.43,61.68,-88.24,-0.01
WINSOME.NS,Penny,-2.81,1791.14,-98.11,-0.01
ARTNIRMAN.NS,Penny,6.47,45.72,-84.25,-0.01
DHAMPURSUG.NS,Small,6.47,50.53,-80.13,-0.01
LPDC.NS,Penny,6.29,61.03,-87.69,-0.01
SANDHAR.NS,Mid,6.65,38.39,-69.79,-0.01
AYMSYNTEX.NS,Small,6.46,50.26,-87.09,-0.01
CHEMFAB.NS,Mid,6.5,51.01,-75.21,-0.01
HONDAPOWER.NS,Large,6.74,37.13,-56.6,-0.01
BANKA.NS,Small,6.28,55.18,-74.08,-0.01
EMIL.NS,Small,6.59,45.92,-64.75,-0.01
NATHBIOGEN.NS,Small,6.46,47.91,-77.17,-0.01
OILCOUNTUB.NS,Small,6.53,57.79,-95.39,-0.01
OMAXAUTO.NS,Small,6.45,55.29,-90.83,-0.01
HINDCOMPOS.NS,Mid,6.2,45.36,-86.87,-0.02
ORIENTPPR.NS,Penny,5.87,48.35,-76.97,-0.02
BANKINDIA.NS,Small,6.29,43.76,-84.92,-0.02
TEJASNET.NS,Mid,5.81,54.78,-93.37,-0.02
NCLIND.NS,Small,6.22,41.01,-80.49,-0.02
NAHARINDUS.NS,Small,6.04,48.66,-88.51,-0.02
AUTOIND.NS,Small,5.7,54.28,-92.41,-0.02
CALSOFT.NS,Penny,5.62,58.52,-93.56,-0.02
VARDMNPOLY.NS,Penny,5.89,57.44,-98.2,-0.02
AGROPHOS.NS,Penny,5.91,59.68,-96.63,-0.02
DEEDEV.NS,Mid,5.69,53.17,-53.31,-0.02
LEMONTREE.NS,Small,6.15,42.93,-83.62,-0.02
KITEX.NS,Small,6.07,50.94,-80.55,-0.02
ADVANCE.NS,Small,6.08,60.72,-42.43,-0.02
JAICORPLTD.NS,Small,5.98,55.65,-79.92,-0.02
DCW.NS,Penny,5.92,53.66,-86.38,-0.02
BIL.NS,Mid,5.78,49.2,-88.93,-0.02
SILVERTUC.NS,Small,0.37,322.96,-91.95,-0.02
MONTECARLO.NS,Mid,6.33,40.85,-78.97,-0.02
VERTOZ.NS,Small,6.16,54.4,-93.6,-0.02
PONNIERODE.NS,Mid,5.59,49.27,-73.5,-0.03
DHANUKA.NS,Mid,5.97,35.06,-67.99,-0.03
CONCORDBIO.NS,Large,5.91,43.29,-60.74,-0.03
ALKALI.NS,Small,5.21,57.69,-75.53,-0.03
NIVABUPA.NS,Small,5.84,39.38,-31.6,-0.03
NKIND.NS,Small,5.49,57.15,-89.74,-0.03
SHILPAMED.NS,Mid,5.54,44.82,-72.86,-0.03
XCHANGING.NS,Small,5.56,48.85,-75.53,-0.03
UNIONBANK.NS,Small,5.79,43.59,-88.01,-0.03
IVP.NS,Small,5.25,55.1,-85.99,-0.03
COMPUSOFT.NS,Penny,5.54,57.7,-83.87,-0.03
PGHH.NS,Large,6.29,20.76,-48.13,-0.03
MARALOVER.NS,Penny,5.19,52.03,-85.71,-0.03
TTL.NS,Penny,5.64,50.98,-81.03,-0.03
BIOFILCHEM.NS,Penny,5.38,56.56,-92.4,-0.03
JYOTHYLAB.NS,Mid,6.13,33.21,-65.59,-0.03
DHANUKA.NS,Large,5.97,35.06,-67.99,-0.03
MOREPENLAB.NS,Penny,5.07,56.74,-82.11,-0.03
EVERESTIND.NS,Mid,5.56,46.09,-79.14,-0.03
SCODATUBES.NS,Small,5.71,51.62,-45.1,-0.03
UGARSUGAR.NS,Penny,5.33,53.94,-87.19,-0.03
SARLAPOLY.NS,Small,4.88,51.65,-84.78,-0.04
HILTON.NS,Penny,4.46,60.4,-91.66,-0.04
SAMHI.NS,Small,5.27,40.57,-48.53,-0.04
DABUR.NS,Mid,6.11,22.92,-37.25,-0.04
IMPEXFERRO.NS,Penny,3.61,80.97,-91.11,-0.04
ASAHISONG.NS,Small,5.17,49.9,-82.33,-0.04
TVSSRICHAK.NS,Large,5.7,36.06,-78.95,-0.04
PNC.NS,Penny,4.3,62.61,-78.92,-0.04
JINDALPOLY.NS,Mid,5.17,45.91,-71.32,-0.04
TCIEXP.NS,Mid,5.55,38.13,-81.03,-0.04
ASAHISONG.NS,Mid,5.17,49.9,-82.33,-0.04
UNICHEMLAB.NS,Mid,5.14,41.73,-77.59,-0.04
VERANDA.NS,Small,4.88,56.75,-64.33,-0.04
ASPINWALL.NS,Mid,5.0,49.89,-84.27,-0.04
ROML.NS,Penny,4.58,59.62,-94.72,-0.04
SAMBHAAV.NS,Penny,4.31,62.08,-92.24,-0.04
THOMASCOOK.NS,Small,5.12,45.59,-78.72,-0.04
SAKUMA.NS,Penny,4.58,61.12,-92.02,-0.04
NGLFINE.NS,Large,4.94,48.78,-63.75,-0.04
ORIENTTECH.NS,Mid,4.68,63.24,-62.78,-0.04
PPAP.NS,Mid,5.19,47.34,-83.71,-0.04
EXPLEOSOL.NS,Mid,5.37,40.8,-78.17,-0.04
RAMANEWS.NS,Penny,4.6,53.31,-74.47,-0.05
INOXWIND.NS,Small,4.47,53.72,-94.15,-0.05
IXIGO.NS,Small,4.32,52.7,-52.08,-0.05
SHIVATEX.NS,Small,4.37,57.15,-92.08,-0.05
VASCONEQ.NS,Penny,4.24,56.75,-88.26,-0.05
SRGHFL.NS,Mid,4.92,43.18,-42.55,-0.05
INSPIRISYS.NS,Small,4.43,54.39,-79.29,-0.05
AWHCL.NS,Mid,4.68,46.84,-57.35,-0.05
SREEL.NS,Small,4.77,45.96,-69.4,-0.05
RAJRILTD.NS,Penny,-6.21,252.92,-98.31,-0.05
HINDWAREAP.NS,Small,4.69,49.3,-73.37,-0.05
MASFIN.NS,Mid,5.23,38.47,-61.79,-0.05
HINDWAREAP.NS,Mid,4.69,49.3,-73.37,-0.05
MURUDCERA.NS,Penny,4.46,55.34,-85.13,-0.05
SUMEETINDS.NS,Penny,-0.22,148.28,-96.07,-0.05
MOKSH.NS,Penny,3.75,70.33,-84.15,-0.05
AMDIND.NS,Penny,4.19,59.05,-84.31,-0.05
CARTRADE.NS,Large,4.78,48.82,-77.98,-0.05
TPHQ.NS,Penny,4.4,54.38,-86.08,-0.05
ENTERO.NS,Large,5.13,40.91,-38.74,-0.05
SAGCEM.NS,Small,5.1,40.95,-76.0,-0.05
TASTYBITE.NS,Large,5.02,39.99,-68.34,-0.05
YUKEN.NS,Mid,4.77,42.32,-61.26,-0.05
MALLCOM.NS,Large,4.92,44.76,-44.78,-0.05
ORBTEXP.NS,Small,3.7,51.75,-71.53,-0.06
VMM.NS,Small,4.77,36.31,-34.93,-0.06
ICIL.NS,Mid,3.69,55.75,-88.89,-0.06
CSBBANK.NS,Mid,4.7,39.21,-66.77,-0.06
INFOMEDIA.NS,Penny,4.12,44.66,-68.66,-0.06
EASEMYTRIP.NS,Penny,4.06,53.12,-82.85,-0.06
VEEDOL.NS,Large,5.19,31.26,-75.09,-0.06
RALLIS.NS,Mid,4.78,34.91,-48.33,-0.06
EXCEL.NS,Penny,2.78,73.12,-98.16,-0.06
5PAISA.NS,Mid,4.15,49.7,-67.51,-0.06
TRANSRAILL.NS,Mid,4.0,49.42,-43.81,-0.06
WOCKPHARMA.NS,Large,4.1,48.5,-84.91,-0.06
STOVEKRAFT.NS,Mid,4.21,44.87,-67.63,-0.06
ANIKINDS.NS,Penny,3.95,55.12,-93.11,-0.06
SCILAL.NS,Penny,4.29,47.6,-65.55,-0.06
KKCL.NS,Mid,5.09,33.07,-65.91,-0.06
MUTHOOTCAP.NS,Mid,4.23,46.69,-86.85,-0.06
DIGISPICE.NS,Penny,3.54,58.85,-90.06,-0.06
DCMFINSERV.NS,Penny,3.97,47.0,-89.33,-0.06
LIBERTSHOE.NS,Mid,4.11,49.71,-77.05,-0.06
MAYURUNIQ.NS,Mid,4.33,36.85,-77.1,-0.07
VRLLOG.NS,Mid,4.55,37.46,-69.45,-0.07
BCG.NS,Penny,1.81,71.11,-94.12,-0.07
PNB.NS,Small,4.19,42.58,-87.55,-0.07
RUBYMILLS.NS,Mid,3.26,52.51,-77.72,-0.07
AKG.NS,Penny,3.35,50.7,-81.19,-0.07
ORICONENT.NS,Small,3.38,50.58,-85.48,-0.07
EUROPRATIK.NS,Mid,3.23,53.02,-44.91,-0.07
INDORAMA.NS,Penny,3.25,53.24,-84.75,-0.07
GLAXO.NS,Large,5.15,26.84,-43.15,-0.07
JTLIND.NS,Small,3.56,49.84,-69.69,-0.07
OCCLLTD.NS,Small,3.17,53.79,-48.55,-0.07
PRSMJOHNSN.NS,Small,4.01,42.76,-81.25,-0.07
SMARTLINK.NS,Small,3.83,48.27,-69.15,-0.07
WELSPUNLIV.NS,Small,3.66,47.9,-82.18,-0.07
PEARLPOLY.NS,Penny,2.84,62.63,-85.36,-0.07
ABCAPITAL.NS,Mid,4.35,38.12,-83.14,-0.07
ASHOKA.NS,Small,3.75,44.45,-80.21,-0.07
INDUSTOWER.NS,Mid,4.03,40.03,-70.53,-0.07
ATLANTAA.NS,Penny,2.81,56.83,-97.89,-0.07
GILLANDERS.NS,Small,3.4,48.73,-82.29,-0.07
AVG.NS,Small,2.27,56.19,-84.69,-0.08
BAJAJCON.NS,Mid,4.15,35.03,-75.29,-0.08
EPACKPEB.NS,Small,1.7,68.27,-59.95,-0.08
GALAPREC.NS,Mid,2.6,54.45,-50.03,-0.08
EIEL.NS,Small,2.12,57.81,-63.97,-0.08
BHANDARI.NS,Penny,2.16,61.51,-89.08,-0.08
ZUARI.NS,Mid,2.94,52.24,-92.86,-0.08
DBSTOCKBRO.NS,Penny,3.29,47.79,-67.33,-0.08
COUNCODOS.NS,Penny,1.92,64.43,-87.5,-0.08
DHANBANK.NS,Penny,3.25,47.3,-82.35,-0.08
AIRAN.NS,Penny,2.76,53.02,-79.18,-0.08
MHRIL.NS,Mid,4.32,34.91,-70.92,-0.08
EIEL.NS,Mid,2.12,57.81,-63.97,-0.08
GICHSGFIN.NS,Small,-3.6,132.42,-91.53,-0.08
ORIENTELEC.NS,Small,3.96,37.37,-59.39,-0.08
PODDARMENT.NS,Mid,3.77,41.18,-68.61,-0.08
GLOBE.NS,Penny,-0.7,93.14,-87.57,-0.08
APLLTD.NS,Mid,4.5,32.37,-57.14,-0.08
STCINDIA.NS,Small,2.62,56.02,-89.51,-0.08
GREAVESCOT.NS,Small,3.52,42.34,-58.92,-0.08
ADVENZYMES.NS,Mid,3.55,41.22,-78.69,-0.08
SKFINDIA.NS,Large,4.27,32.58,-79.09,-0.08
LUPIN.NS,Large,4.66,29.12,-67.89,-0.08
WONDERLA.NS,Mid,4.18,35.02,-73.95,-0.08
ASMS.NS,Penny,-0.46,87.44,-97.92,-0.09
GPPL.NS,Small,3.78,35.38,-72.35,-0.09
TATACAP.NS,Mid,4.5,27.6,-15.64,-0.09
EMMBI.NS,Small,2.77,47.97,-83.17,-0.09
PENINLAND.NS,Penny,1.58,59.18,-94.55,-0.09
OSWALGREEN.NS,Penny,1.86,54.83,-84.8,-0.09
HMT.NS,Small,3.42,42.0,-84.4,-0.09
BAYERCROP.NS,Large,4.54,26.73,-39.33,-0.09
AMNPLST.NS,Small,2.08,55.69,-62.5,-0.09
INTLCONV.NS,Small,2.85,45.92,-49.7,-0.09
WALCHANNAG.NS,Small,2.47,53.17,-90.79,-0.09
MOTOGENFIN.NS,Penny,1.7,57.39,-63.37,-0.09
BAGFILMS.NS,Penny,1.76,57.25,-84.27,-0.09
ASHIMASYN.NS,Penny,1.72,59.57,-91.79,-0.09
KANORICHEM.NS,Small,2.46,49.39,-77.76,-0.09
JSFB.NS,Mid,2.93,46.75,-53.57,-0.09
MITCON.NS,Small,2.84,45.2,-66.88,-0.09
CCHHL.NS,Penny,2.49,51.05,-89.49,-0.09
CSLFINANCE.NS,Mid,2.49,47.83,-57.18,-0.09
SANDESH.NS,Large,3.6,38.79,-72.62,-0.09
JYOTISTRUC.NS,Penny,1.77,56.99,-94.92,-0.09
PNBHOUSING.NS,Mid,2.77,46.23,-91.0,-0.09
ANKITMETAL.NS,Penny,0.12,76.15,-93.78,-0.09
TICL.NS,Penny,1.66,58.55,-95.85,-0.09
CASTROLIND.NS,Small,4.13,30.82,-59.36,-0.09
INDIANCARD.NS,Mid,2.72,43.77,-67.51,-0.1
BATAINDIA.NS,Mid,4.16,27.09,-71.13,-0.1
UNITEDTEA.NS,Mid,2.36,44.32,-66.36,-0.1
UNIPARTS.NS,Mid,3.76,32.98,-54.75,-0.1
INDIANCARD.NS,Small,2.72,43.77,-67.51,-0.1
TEAMLEASE.NS,Large,3.56,36.07,-79.33,-0.1
DELPHIFX.NS,Penny,1.15,56.42,-92.93,-0.1
AEROENTER.NS,Small,2.47,47.01,-42.01,-0.1
ELDEHSG.NS,Mid,2.7,43.53,-37.84,-0.1
JETFREIGHT.NS,Penny,2.26,48.66,-82.11,-0.1
ROLEXRINGS.NS,Small,3.44,36.34,-62.1,-0.1
RAMAPHO.NS,Small,1.85,52.83,-57.52,-0.1
MAHESHWARI.NS,Small,2.41,44.7,-73.9,-0.1
CORALFINAC.NS,Penny,1.19,58.13,-90.11,-0.1
FMGOETZE.NS,Mid,3.29,37.31,-68.42,-0.1
ORIENTLTD.NS,Small,1.54,54.43,-85.8,-0.1
SANGINITA.NS,Penny,1.19,56.67,-95.02,-0.1
SINDHUTRAD.NS,Penny,-0.06,64.5,-68.19,-0.11
SPLIL.NS,Penny,0.82,56.05,-74.36,-0.11
ANTGRAPHIC.NS,Penny,0.59,59.86,-82.81,-0.11
ARROWGREEN.NS,Mid,0.75,57.78,-94.87,-0.11
INDOAMIN.NS,Small,0.92,56.45,-65.98,-0.11
IDFCFIRSTB.NS,Small,2.9,36.8,-76.88,-0.11
LAXMICOT.NS,Penny,0.17,64.83,-71.36,-0.11
SURANASOL.NS,Penny,1.03,54.97,-84.41,-0.11
PRECAM.NS,Small,1.32,53.4,-87.14,-0.11
TOTAL.NS,Small,1.18,54.9,-75.28,-0.11
ESSARSHPNG.NS,Penny,0.88,56.74,-86.29,-0.11
RISHABH.NS,Mid,1.81,48.76,-66.86,-0.11
HYUNDAI.NS,Large,3.79,30.07,-39.79,-0.11
VETO.NS,Small,1.71,50.3,-89.41,-0.11
CONCOR.NS,Mid,2.92,33.11,-62.81,-0.12
UNITECH.NS,Penny,-0.1,58.67,-96.9,-0.12
ICRA.NS,Large,3.86,26.96,-51.94,-0.12
CAMLINFINE.NS,Small,0.62,51.34,-76.78,-0.12
HCC.NS,Penny,-0.11,60.65,-91.4,-0.12
IDBI.NS,Small,1.08,47.56,-79.1,-0.12
TTKPRESTIG.NS,Mid,3.17,31.84,-62.34,-0.12
SPECIALITY.NS,Small,0.89,49.44,-87.98,-0.12
GREENPLY.NS,Small,2.34,39.52,-79.98,-0.12
AEGISLOG.NS,Mid,1.36,47.67,-38.36,-0.12
UJJIVANSFB.NS,Small,1.99,43.35,-76.65,-0.12
ATLASCYCLE.NS,Small,0.42,56.32,-92.43,-0.12
PRAKASHSTL.NS,Penny,-5.89,108.45,-99.56,-0.12
LICHSGFIN.NS,Mid,2.81,35.08,-74.46,-0.12
IOB.NS,Penny,1.42,44.74,-79.03,-0.12
GREENPLY.NS,Mid,2.34,39.52,-79.98,-0.12
LAMBODHARA.NS,Small,0.15,58.65,-85.61,-0.12
PLATIND.NS,Mid,0.51,53.77,-62.72,-0.12
RAYMOND.NS,Mid,0.8,50.27,-90.03,-0.12
EVEREADY.NS,Mid,1.6,40.2,-92.03,-0.13
BROOKS.NS,Small,-0.44,58.23,-90.75,-0.13
TEXRAIL.NS,Small,0.67,49.96,-88.25,-0.13
ORIENTALTL.NS,Penny,-0.74,59.35,-79.36,-0.13
RBLBANK.NS,Mid,0.96,45.93,-88.85,-0.13
GREENPOWER.NS,Penny,0.28,52.81,-92.09,-0.13
KCPSUGIND.NS,Penny,0.17,50.98,-78.4,-0.13
HONASA.NS,Mid,1.01,47.85,-62.92,-0.13
BLUEJET.NS,Mid,1.08,47.18,-67.55,-0.13
SHYAMCENT.NS,Penny,-0.42,58.06,-89.7,-0.13
RTNPOWER.NS,Penny,-0.29,56.34,-91.67,-0.13
SUPERHOUSE.NS,Small,0.54,47.98,-73.59,-0.13
TIL.NS,Mid,-6.35,101.37,-86.92,-0.13
BROOKS.NS,Penny,-0.44,58.23,-90.75,-0.13
NIITLTD.NS,Small,0.11,54.63,-92.17,-0.13
MOSCHIP.NS,Small,-0.34,56.23,-47.76,-0.13
GRMOVER.NS,Small,0.63,49.01,-75.5,-0.13
TIJARIA.NS,Penny,-0.72,58.19,-86.41,-0.13
SUBEXLTD.NS,Penny,-0.03,55.15,-90.79,-0.13
KHANDSE.NS,Penny,-0.6,52.91,-73.88,-0.14
CELEBRITY.NS,Penny,-1.47,60.57,-85.28,-0.14
RKEC.NS,Penny,-2.17,67.39,-84.08,-0.14
ARVINDFASN.NS,Mid,0.49,45.29,-85.95,-0.14
SBFC.NS,Small,2.12,35.79,-31.99,-0.14
GICRE.NS,Mid,0.99,43.1,-79.04,-0.14
GODIGIT.NS,Mid,2.29,34.59,-30.1,-0.14
COASTCORP.NS,Small,-0.79,54.61,-68.07,-0.14
HAVISHA.NS,Penny,-2.11,66.41,-82.5,-0.14
GFLLIMITED.NS,Penny,0.77,44.74,-70.76,-0.14
ANDHRAPAP.NS,Small,1.84,37.6,-79.34,-0.14
GANESHBE.NS,Small,1.04,42.95,-67.12,-0.14
DHARMAJ.NS,Mid,0.56,45.2,-53.46,-0.14
COASTCORP.NS,Penny,-0.79,54.61,-68.07,-0.14
DCAL.NS,Small,-0.6,53.0,-87.56,-0.14
STEELXIND.NS,Penny,-0.84,54.65,-92.86,-0.14
ASHOKAMET.NS,Penny,-0.71,53.26,-64.55,-0.14
MITTAL.NS,Penny,-0.99,52.38,-94.73,-0.15
TRF.NS,Mid,-1.17,53.97,-86.79,-0.15
DOLLAR.NS,Mid,0.75,42.24,-79.62,-0.15
SOMANYCERA.NS,Mid,1.12,40.47,-91.36,-0.15
RUCHINFRA.NS,Penny,-0.58,49.65,-83.25,-0.15
PFS.NS,Penny,-0.17,46.55,-83.75,-0.15
RUSHIL.NS,Penny,-1.19,53.37,-94.27,-0.15
BAJAJHIND.NS,Penny,-0.72,53.14,-89.76,-0.15
FEDFINA.NS,Small,1.98,34.51,-44.14,-0.15
STAR.NS,Large,0.17,46.97,-74.93,-0.15
SIMPLEXINF.NS,Mid,-0.95,53.7,-97.21,-0.15
MICEL.NS,Penny,-6.21,90.1,-98.03,-0.15
VINCOFE.NS,Small,0.78,42.65,-44.66,-0.15
EQUIPPP.NS,Penny,-8.02,98.18,-98.36,-0.15
KOTHARIPRO.NS,Small,-0.98,53.22,-86.26,-0.15
KOKUYOCMLN.NS,Small,0.24,44.15,-74.0,-0.15
REDTAPE.NS,Small,0.06,42.25,-54.11,-0.16
AXITA.NS,Penny,-0.54,45.93,-82.36,-0.16
ORIENTCEM.NS,Small,0.28,42.53,-83.8,-0.16
HAPPSTMNDS.NS,Mid,1.15,35.95,-77.21,-0.16
KELLTONTEC.NS,Penny,-2.41,57.52,-93.41,-0.16
BFUTILITIE.NS,Mid,-1.17,50.76,-78.14,-0.16
SINTERCOM.NS,Small,1.08,37.71,-61.13,-0.16
BAJAJHCARE.NS,Mid,-0.61,48.94,-60.85,-0.16
JAYSREETEA.NS,Small,0.07,42.81,-82.13,-0.16
AJOONI.NS,Penny,-2.05,57.98,-88.32,-0.16
IVC.NS,Penny,-1.09,50.77,-93.68,-0.16
LAL.NS,Penny,-1.04,51.33,-82.94,-0.16
VIJIFIN.NS,Penny,-5.16,76.77,-98.94,-0.16
WHIRLPOOL.NS,Mid,1.79,31.92,-70.71,-0.16
NILAINFRA.NS,Penny,-1.59,55.17,-90.31,-0.16
CURAA.NS,Small,2.17,29.82,-94.16,-0.16
HITECHCORP.NS,Small,-1.35,51.27,-80.9,-0.16
DMCC.NS,Mid,-0.61,48.91,-55.99,-0.16
RPPL.NS,Penny,-1.24,52.68,-74.9,-0.16
UGROCAP.NS,Small,0.06,42.38,-74.23,-0.16
MAHLOG.NS,Mid,0.48,38.44,-69.25,-0.17
BALPHARMA.NS,Small,-1.75,51.25,-78.3,-0.17
BAJEL.NS,Small,-2.53,55.37,-57.23,-0.17
PARAGMILK.NS,Mid,-0.8,46.38,-85.25,-0.17
MADHAV.NS,Penny,-1.7,51.86,-78.5,-0.17
SUPERSPIN.NS,Penny,-2.87,59.11,-91.3,-0.17
RPPINFRA.NS,Small,-3.13,58.58,-91.34,-0.17
DTIL.NS,Small,-0.23,42.87,-77.48,-0.17
NETWORK18.NS,Penny,-1.66,49.74,-78.98,-0.17
DIACABS.NS,Small,-5.41,71.64,-99.61,-0.17
RELIGARE.NS,Mid,-2.07,51.96,-93.9,-0.17
RELAXO.NS,Mid,2.3,28.21,-83.18,-0.17
NDTV.NS,Small,-2.19,53.29,-89.14,-0.17
J&KBANK.NS,Small,-1.3,49.56,-92.97,-0.17
GODREJAGRO.NS,Mid,1.66,30.82,-60.75,-0.17
DAMODARIND.NS,Penny,-1.7,51.51,-76.09,-0.17
KNAGRI.NS,Mid,-2.11,54.01,-59.98,-0.17
GTLINFRA.NS,Penny,-5.3,74.33,-97.42,-0.17
GLAND.NS,Large,0.14,37.9,-79.3,-0.18
BALAJITELE.NS,Small,-1.77,49.03,-83.4,-0.18
MUKTAARTS.NS,Penny,-2.61,52.0,-87.29,-0.18
TRIGYN.NS,Small,-3.24,57.38,-89.58,-0.18
REPRO.NS,Mid,-1.13,46.25,-67.03,-0.18
SUTLEJTEX.NS,Penny,-1.77,47.53,-84.34,-0.18
NIPPOBATRY.NS,Mid,-1.16,44.84,-68.16,-0.18
INVENTURE.NS,Penny,-2.96,56.24,-87.13,-0.18
IIFLCAPS.NS,Mid,-2.45,51.72,-47.88,-0.18
GALAXYSURF.NS,Large,1.46,30.25,-55.48,-0.18
AERONEU.NS,Small,-1.84,49.2,-51.34,-0.18
QUICKHEAL.NS,Small,-1.99,48.82,-84.53,-0.18
RAJSREESUG.NS,Penny,-3.92,57.95,-89.78,-0.19
PATELENG.NS,Penny,-3.62,56.3,-91.78,-0.19
RSWM.NS,Small,-1.34,44.99,-87.69,-0.19
TTKHLTCARE.NS,Mid,-0.37,39.64,-78.34,-0.19
DBCORP.NS,Small,-0.21,37.24,-83.52,-0.19
SUNCLAY.NS,Large,-1.38,43.23,-60.44,-0.19
PTL.NS,Penny,-0.6,40.73,-82.12,-0.19
GSS.NS,Penny,-4.78,60.5,-97.34,-0.19
EMAMILTD.NS,Mid,0.89,32.96,-76.15,-0.19
FAIRCHEMOR.NS,Mid,-2.06,48.09,-80.64,-0.19
INDUSINDBK.NS,Mid,-0.92,41.65,-85.03,-0.19
BODALCHEM.NS,Small,-1.4,44.1,-79.64,-0.19
SATIA.NS,Small,-0.87,41.48,-66.46,-0.19
VIVIMEDLAB.NS,Penny,-21.6,148.79,-96.52,-0.19
TCIFINANCE.NS,Penny,-3.4,53.87,-92.39,-0.19
INTENTECH.NS,Small,-4.37,59.89,-93.64,-0.19
TIPSFILMS.NS,Mid,-4.23,60.31,-70.32,-0.19
A2ZINFRA.NS,Penny,-3.92,57.41,-94.2,-0.19
NILKAMAL.NS,Large,0.86,31.95,-62.66,-0.19
DBCORP.NS,Mid,-0.21,37.24,-83.52,-0.19
UNIDT.NS,Mid,-2.77,48.33,-74.11,-0.2
ARCHIES.NS,Penny,-3.84,53.6,-84.15,-0.2
SIL.NS,Penny,-1.31,41.7,-70.59,-0.2
NIBL.NS,Penny,-4.1,56.45,-92.16,-0.2
AFSL.NS,Mid,-1.58,43.58,-71.75,-0.2
PCJEWELLER.NS,Penny,-5.92,64.78,-98.62,-0.2
SUPREMEINF.NS,Small,-3.68,53.39,-94.92,-0.2
DELTACORP.NS,Small,-2.8,47.89,-86.41,-0.2
GTL.NS,Penny,-4.75,57.8,-95.88,-0.2
HNDFDS.NS,Mid,0.65,31.14,-38.12,-0.2
LORDSCHLO.NS,Small,-3.85,53.92,-52.28,-0.2
SFL.NS,Mid,0.92,30.4,-76.42,-0.2
MAHEPC.NS,Small,-2.31,45.79,-54.83,-0.2
ASIANTILES.NS,Small,-2.28,46.02,-90.8,-0.2
GODAVARIB.NS,Mid,-4.33,57.23,-62.53,-0.2
FIVESTAR.NS,Mid,-1.02,40.27,-61.29,-0.2
HUHTAMAKI.NS,Small,-0.56,37.38,-65.62,-0.2
ATULAUTO.NS,Mid,-1.39,42.54,-77.7,-0.2
SHIVAMILLS.NS,Small,-4.82,57.66,-79.35,-0.2
GUJRAFFIA.NS,Penny,-4.22,52.34,-91.76,-0.21
HLEGLAS.NS,Mid,-2.84,47.21,-84.59,-0.21
SBICARD.NS,Mid,0.65,30.51,-43.4,-0.21
CAPACITE.NS,Mid,-3.03,47.62,-82.8,-0.21
AARTISURF.NS,Mid,-2.91,47.05,-81.7,-0.21
BALKRISHNA.NS,Penny,-4.99,57.37,-93.52,-0.21
BESTAGRO.NS,Penny,-5.95,61.05,-86.65,-0.21
INDOCO.NS,Small,-2.15,43.75,-67.79,-0.21
KANSAINER.NS,Mid,0.89,29.13,-62.61,-0.21
YATRA.NS,Small,-3.8,51.36,-63.42,-0.21
RPOWER.NS,Penny,-5.88,60.76,-98.29,-0.21
GOLDENTOBC.NS,Penny,-3.47,49.97,-88.22,-0.21
LYKALABS.NS,Small,-3.92,52.43,-88.19,-0.21
GENCON.NS,Penny,-4.59,54.08,-64.96,-0.21
DPSCLTD.NS,Penny,-4.99,56.08,-89.82,-0.21
PSB.NS,Penny,-2.56,45.35,-84.93,-0.21
KREBSBIO.NS,Small,-4.78,57.39,-81.34,-0.21
CHEMBOND.NS,Small,-3.64,50.29,-84.54,-0.21
INDOCO.NS,Mid,-2.15,43.75,-67.79,-0.21
SANOFI.NS,Large,1.74,24.29,-67.23,-0.22
AROGRANITE.NS,Penny,-4.2,50.58,-82.97,-0.22
NAVKARCORP.NS,Small,-5.51,56.26,-93.86,-0.22
PLASTIBLEN.NS,Small,-2.03,40.57,-67.26,-0.22
MUNJALSHOW.NS,Small,-0.88,36.56,-80.77,-0.22
IGARASHI.NS,Mid,-3.25,46.8,-83.13,-0.22
CARRARO.NS,Mid,-5.25,56.89,-61.61,-0.22
VINEETLAB.NS,Penny,-5.38,57.5,-77.06,-0.22
NIRAJ.NS,Penny,-4.46,51.93,-71.31,-0.22
SNOWMAN.NS,Penny,-3.18,46.84,-72.88,-0.22
DDEVPLSTIK.NS,Mid,-4.45,51.9,-45.91,-0.22
SUNDARAM.NS,Penny,-6.08,58.34,-82.3,-0.22
ACC.NS,Large,0.76,28.6,-54.56,-0.22
NDL.NS,Penny,-4.75,53.11,-92.38,-0.22
HALEOSLABS.NS,Large,-1.34,38.59,-21.66,-0.22
LANDMARK.NS,Mid,-2.06,41.43,-59.39,-0.22
SHOPERSTOP.NS,Mid,-1.73,38.92,-79.88,-0.22
JOCIL.NS,Small,-3.52,46.1,-68.1,-0.23
JIOFIN.NS,Mid,-0.73,34.04,-48.21,-0.23
ACCURACY.NS,Penny,-5.63,54.12,-88.08,-0.23
ONELIFECAP.NS,Penny,-6.36,58.59,-90.66,-0.23
DICIND.NS,Mid,-1.21,35.34,-62.53,-0.23
JISLDVREQS.NS,Penny,-4.33,50.08,-96.15,-0.23
LXCHEM.NS,Small,-2.68,41.68,-81.76,-0.23
FIBERWEB.NS,Penny,-4.9,52.08,-50.9,-0.23
CHEVIOT.NS,Large,0.18,28.86,-42.14,-0.24
GVKPIL.NS,Penny,-8.48,65.25,-93.28,-0.24
PATANJALI.NS,Mid,-7.17,58.33,-99.44,-0.24
SMLT.NS,Small,-6.59,55.64,-86.77,-0.24
MOHITIND.NS,Penny,-7.36,59.33,-96.56,-0.24
CHEVIOT.NS,Mid,0.18,28.86,-42.14,-0.24
NECCLTD.NS,Penny,-7.38,60.36,-96.95,-0.24
ACEINTEG.NS,Penny,-4.08,46.89,-79.39,-0.24
AKASH.NS,Penny,-8.7,65.79,-91.41,-0.24
21STCENMGM.NS,Penny,0.89,25.57,-79.37,-0.24
VINNY.NS,Penny,-4.54,47.96,-94.07,-0.24
IL&FSENGG.NS,Penny,-5.3,52.06,-97.5,-0.24
RAMCOSYS.NS,Mid,-5.51,51.42,-91.47,-0.24
DNAMEDIA.NS,Penny,-12.23,79.04,-98.2,-0.24
JISLJALEQS.NS,Penny,-5.96,54.47,-97.73,-0.24
GULFPETRO.NS,Penny,-5.3,51.0,-74.98,-0.24
EUROTEXIND.NS,Penny,-5.72,53.69,-87.65,-0.24
SHRIRAMPPS.NS,Small,-4.33,46.03,-57.79,-0.25
SHALBY.NS,Small,-4.34,45.23,-83.95,-0.25
UCOBANK.NS,Penny,-3.58,43.2,-81.23,-0.25
SIS.NS,Mid,-1.48,33.49,-60.63,-0.25
PAKKA.NS,Small,-7.42,57.83,-79.41,-0.25
WILLAMAGOR.NS,Penny,-7.43,58.86,-93.99,-0.25
JUSTDIAL.NS,Mid,-4.75,47.59,-69.42,-0.25
LICI.NS,Mid,-0.23,29.06,-39.18,-0.25
MONEYBOXX.NS,Small,-6.13,53.41,-41.74,-0.25
ROUTE.NS,Mid,-3.54,41.68,-81.24,-0.25
GAYAHWS.NS,Penny,-16.77,96.02,-98.08,-0.25
REPCOHOME.NS,Mid,-4.19,44.48,-89.64,-0.25
PARSVNATH.NS,Penny,-7.51,57.85,-96.17,-0.25
TNPL.NS,Small,-2.74,38.45,-81.07,-0.25
PAYTM.NS,Large,-6.6,52.52,-82.37,-0.26
BLUEDART.NS,Large,-1.1,30.78,-69.31,-0.26
PRITIKAUTO.NS,Penny,-5.73,48.34,-79.73,-0.26
ALPHAGEO.NS,Small,-6.86,52.52,-88.11,-0.26
CLEDUCATE.NS,Small,-6.72,51.91,-93.33,-0.26
MEESHO.NS,Small,-10.66,66.69,-42.79,-0.26
HLVLTD.NS,Penny,-7.41,54.56,-87.87,-0.26
ROSSELLIND.NS,Small,-8.2,58.44,-93.36,-0.26
USK.NS,Penny,-6.93,54.58,-76.26,-0.26
VIPCLOTHNG.NS,Penny,-6.73,53.12,-96.43,-0.26
CLEDUCATE.NS,Penny,-6.72,51.91,-93.33,-0.26
DIAMONDYD.NS,Mid,-2.17,35.44,-68.72,-0.26
ALPHAGEO.NS,Mid,-6.86,52.52,-88.11,-0.26
DOLPHIN.NS,Mid,-5.62,48.14,-99.03,-0.26
PIONEEREMB.NS,Penny,-7.21,51.95,-80.75,-0.27
MUFIN.NS,Small,-6.87,50.97,-76.0,-0.27
MVGJL.NS,Small,-7.08,52.23,-64.73,-0.27
FMNL.NS,Penny,-9.36,60.02,-97.98,-0.27
TBOTEK.NS,Large,-4.31,42.18,-47.45,-0.27
KOHINOOR.NS,Penny,-6.7,50.38,-94.97,-0.27
DEVYANI.NS,Small,-2.95,36.92,-57.9,-0.27
ANTHEM.NS,Mid,-1.74,32.87,-31.47,-0.27
SETCO.NS,Penny,-6.86,50.7,-92.47,-0.27
3IINFOLTD.NS,Penny,-8.68,59.08,-89.1,-0.27
SHK.NS,Small,-4.51,43.22,-85.36,-0.27
SATIN.NS,Small,-5.69,47.24,-93.22,-0.27
BLUESTONE.NS,Mid,-6.85,52.02,-47.0,-0.27
SHALPAINTS.NS,Small,-6.23,48.48,-84.03,-0.27
PYRAMID.NS,Small,-4.45,42.73,-44.36,-0.27
PICCADIL.NS,Mid,-4.02,40.43,-31.87,-0.27
SAKHTISUG.NS,Penny,-7.77,53.97,-88.35,-0.27
ONMOBILE.NS,Penny,-7.45,54.03,-87.54,-0.27
ZEEMEDIA.NS,Penny,-7.82,53.74,-93.95,-0.28
DIGJAMLMTD.NS,Penny,-23.85,110.59,-99.27,-0.28
INCREDIBLE.NS,Penny,-9.2,57.31,-93.33,-0.28
KSHITIJPOL.NS,Penny,-13.63,74.51,-97.19,-0.28
AKSHOPTFBR.NS,Penny,-8.68,56.96,-93.91,-0.28
SHIVAMAUTO.NS,Penny,-8.2,53.99,-91.65,-0.28
DELHIVERY.NS,Mid,-3.77,38.22,-65.63,-0.28
GATEWAY.NS,Small,-1.88,31.19,-56.24,-0.28
EUREKAFORB.NS,Mid,-3.13,34.68,-34.76,-0.29
FOODSIN.NS,Penny,-8.09,51.92,-78.79,-0.29
UEL.NS,Small,-23.77,106.87,-99.92,-0.29
SUPREMEENG.NS,Penny,-9.82,58.8,-87.95,-0.29
SPARC.NS,Small,-6.68,47.78,-83.96,-0.29
SURYALAXMI.NS,Small,-7.36,49.81,-91.96,-0.29
SUKHJITS.NS,Small,-4.24,39.01,-53.84,-0.29
FOODSIN.NS,Small,-8.09,51.92,-78.79,-0.29
STYLEBAAZA.NS,Mid,-10.08,59.27,-55.46,-0.29
SYMPHONY.NS,Mid,-3.24,34.98,-65.63,-0.29
SANOFICONR.NS,Large,-1.73,29.99,-29.78,-0.29
LIBAS.NS,Penny,-8.17,51.78,-84.08,-0.29
SEPC.NS,Penny,-11.51,61.43,-94.91,-0.3
YASHO.NS,Large,-5.84,43.44,-48.71,-0.3
RSSOFTWARE.NS,Penny,-11.18,60.03,-93.73,-0.3
MIRZAINT.NS,Penny,-10.25,58.04,-93.24,-0.3
SAMMAANCAP.NS,Small,-10.22,57.18,-92.77,-0.3
SMARTWORKS.NS,Mid,-3.86,36.07,-38.61,-0.3
HIMATSEIDE.NS,Small,-7.54,48.52,-88.56,-0.3
SETL.NS,Small,-10.75,59.36,-24.23,-0.3
LAOPALA.NS,Small,-3.97,37.16,-63.25,-0.3
PALREDTEC.NS,Penny,-11.41,61.75,-94.85,-0.3
DENTA.NS,Mid,-9.45,55.6,-52.0,-0.3
NIITMTS.NS,Mid,-5.02,39.19,-53.18,-0.31
SEMAC.NS,Mid,-8.62,51.05,-93.87,-0.31
ACL.NS,Small,-10.19,54.71,-94.44,-0.31
APCL.NS,Small,-7.07,45.51,-79.17,-0.31
NECLIFE.NS,Penny,-10.48,56.0,-82.75,-0.31
ACL.NS,Penny,-10.19,54.71,-94.44,-0.31
CENTRALBK.NS,Penny,-7.27,46.25,-91.56,-0.31
THELEELA.NS,Mid,-2.31,29.7,-16.28,-0.31
ALANKIT.NS,Penny,-9.5,53.22,-91.52,-0.31
LEXUS.NS,Penny,-11.53,59.46,-96.35,-0.31
AWFIS.NS,Mid,-7.86,48.53,-74.37,-0.31
GTPL.NS,Small,-8.2,49.55,-80.9,-0.31
ONESOURCE.NS,Large,-8.17,47.84,-49.31,-0.32
SIGNPOST.NS,Mid,-11.38,56.94,-58.45,-0.32
JHS.NS,Penny,-10.68,55.57,-91.88,-0.32
OMAXE.NS,Small,-5.95,40.72,-81.65,-0.32
LAXMIINDIA.NS,Small,-14.74,67.77,-59.26,-0.32
RAJTV.NS,Penny,-8.78,49.86,-85.0,-0.32
ENERGYDEV.NS,Penny,-11.32,57.78,-98.36,-0.32
SEJALLTD.NS,Mid,-10.64,55.84,-99.6,-0.32
NGIL.NS,Penny,-10.95,55.25,-92.85,-0.32
TREL.NS,Penny,-8.28,47.3,-60.71,-0.32
RUPA.NS,Small,-6.44,42.64,-79.78,-0.32
EMAMIPAP.NS,Small,-9.18,50.81,-71.09,-0.32
DUCON.NS,Penny,-13.44,63.21,-97.2,-0.32
KAKATCEM.NS,Small,-8.49,46.61,-83.37,-0.33
KRYSTAL.NS,Mid,-9.11,49.19,-58.16,-0.33
NIACL.NS,Small,-8.29,46.85,-78.51,-0.33
SHEMAROO.NS,Small,-10.82,53.81,-92.4,-0.33
PPLPHARMA.NS,Small,-6.2,40.4,-66.34,-0.33
CTE.NS,Penny,-11.69,56.01,-91.29,-0.33
VIVIDHA.NS,Penny,-25.89,101.16,-98.7,-0.33
CENTRUM.NS,Penny,-10.71,53.13,-87.43,-0.33
TAKE.NS,Penny,-9.66,50.31,-97.72,-0.33
VARROC.NS,Mid,-8.06,44.99,-88.98,-0.33
TVTODAY.NS,Small,-5.75,38.65,-73.57,-0.33
AHLADA.NS,Penny,-11.91,54.93,-85.42,-0.34
MANUGRAPH.NS,Penny,-12.21,56.78,-89.65,-0.34
IVALUE.NS,Mid,-8.21,44.98,-34.94,-0.34
KANANIIND.NS,Penny,-13.7,61.34,-96.0,-0.34
HARSHA.NS,Mid,-5.18,35.89,-47.34,-0.34
ITCHOTELS.NS,Small,-4.61,34.05,-45.88,-0.34
SIMBHALS.NS,Penny,-13.18,56.93,-93.59,-0.35
AWL.NS,Small,-8.66,44.54,-79.51,-0.35
MATRIMONY.NS,Mid,-7.5,41.69,-72.37,-0.35
VISHWARAJ.NS,Penny,-9.21,45.7,-90.12,-0.35
ZIMLAB.NS,Small,-9.89,48.24,-59.56,-0.35
CYIENTDLM.NS,Mid,-7.41,40.84,-68.69,-0.35
APTUS.NS,Mid,-6.24,36.89,-49.02,-0.36
HATHWAY.NS,Penny,-11.1,50.08,-83.63,-0.36
APTUS.NS,Small,-6.24,36.89,-49.02,-0.36
SHYAMTEL.NS,Penny,-10.84,49.31,-87.78,-0.36
QUESS.NS,Small,-8.32,42.7,-86.92,-0.36
KRONOX.NS,Small,-9.25,44.97,-56.05,-0.36
CHEMBONDCH.NS,Small,-14.95,61.32,-51.08,-0.36
NYKAA.NS,Mid,-6.88,38.36,-72.09,-0.36
MCLEODRUSS.NS,Small,-12.43,53.63,-99.19,-0.36
VIKASLIFE.NS,Penny,-12.76,55.16,-93.83,-0.36
BASML.NS,Penny,-10.48,48.97,-84.88,-0.36
VIKASECO.NS,Penny,-15.37,60.73,-96.42,-0.37
ADROITINFO.NS,Penny,-13.05,53.88,-94.07,-0.37
BYKE.NS,Penny,-12.36,52.83,-96.2,-0.37
IDEA.NS,Penny,-18.6,69.86,-96.1,-0.37
CCAVENUE.NS,Penny,-10.88,48.08,-31.79,-0.37
SHRENIK.NS,Penny,-14.84,59.83,-98.98,-0.37
NTPCGREEN.NS,Small,-5.9,35.15,-42.68,-0.37
SURAJLTD.NS,Mid,-10.97,48.54,-58.86,-0.37
KAYA.NS,Mid,-11.1,49.01,-92.07,-0.37
DBOL.NS,Small,-9.15,43.63,-71.58,-0.37
PATINTLOG.NS,Penny,-12.7,53.95,-92.25,-0.37
ABFRL.NS,Small,-8.72,42.83,-84.95,-0.37
SILLYMONKS.NS,Penny,-15.09,58.88,-82.9,-0.38
ZODIACLOTH.NS,Small,-9.54,43.48,-78.39,-0.38
MAHAPEXLTD.NS,Small,-13.28,53.89,-82.28,-0.38
LOVABLE.NS,Small,-11.19,47.53,-87.95,-0.38
MOL.NS,Small,-9.78,44.49,-73.72,-0.38
CEREBRAINT.NS,Penny,-13.32,53.36,-96.02,-0.38
JAGRAN.NS,Small,-5.99,34.01,-81.41,-0.38
MEDPLUS.NS,Mid,-5.63,33.41,-55.33,-0.38
SURAJEST.NS,Mid,-12.72,51.42,-78.55,-0.38
HTMEDIA.NS,Penny,-10.97,46.77,-92.1,-0.38
SIGIND.NS,Small,-16.62,61.89,-96.51,-0.38
UNIINFO.NS,Penny,-16.05,60.81,-85.92,-0.38
NEXTMEDIA.NS,Penny,-14.39,56.13,-88.64,-0.38
THEINVEST.NS,Small,-12.47,50.03,-79.97,-0.39
AVANTEL.NS,Small,-13.47,52.5,-50.36,-0.39
MAPMYINDIA.NS,Mid,-8.36,39.13,-68.24,-0.39
DEN.NS,Penny,-11.12,46.79,-83.52,-0.39
BANDHANBNK.NS,Small,-11.58,47.32,-81.72,-0.39
DCXINDIA.NS,Small,-12.77,51.03,-65.27,-0.39
BANSALWIRE.NS,Mid,-7.58,37.31,-53.93,-0.39
RELINFRA.NS,Small,-16.86,61.85,-98.46,-0.39
LATENTVIEW.NS,Mid,-9.94,42.09,-64.44,-0.4
MBLINFRA.NS,Penny,-16.28,58.78,-98.37,-0.4
MORARJEE.NS,Penny,-15.42,56.62,-93.19,-0.4
AKSHARCHEM.NS,Mid,-12.73,49.62,-84.22,-0.4
TECILCHEM.NS,Penny,-15.53,56.39,-73.36,-0.4
INDGN.NS,Mid,-7.82,36.85,-42.01,-0.4
AKSHARCHEM.NS,Small,-12.73,49.62,-84.22,-0.4
INDOSTAR.NS,Small,-11.73,45.2,-82.55,-0.41
INDOSTAR.NS,Mid,-11.73,45.2,-82.55,-0.41
UCAL.NS,Small,-11.45,44.67,-65.71,-0.41
MANORG.NS,Mid,-13.59,50.37,-78.02,-0.41
VIPULLTD.NS,Penny,-14.62,53.29,-92.48,-0.41
INDTERRAIN.NS,Penny,-13.2,48.77,-89.62,-0.41
AFIL.NS,Penny,-15.89,55.97,-63.4,-0.41
SAPPHIRE.NS,Small,-7.58,35.56,-60.58,-0.41
SHANKARA.NS,Small,-16.37,57.11,-95.49,-0.41
SHANTI.NS,Penny,-14.48,51.88,-86.66,-0.41
ALLCARGO.NS,Penny,-11.85,46.37,-93.71,-0.41
OMFREIGHT.NS,Small,-12.32,46.04,-41.47,-0.42
MODINATUR.NS,Mid,-12.84,46.7,-30.71,-0.42
DANGEE.NS,Penny,-14.37,51.18,-91.31,-0.42
QUADFUTURE.NS,Mid,-21.93,68.86,-64.7,-0.42
MEDIASSIST.NS,Mid,-9.73,40.09,-57.17,-0.42
ROSSARI.NS,Mid,-6.57,32.44,-75.85,-0.42
DCMSRIND.NS,Penny,-16.09,55.56,-86.04,-0.42
EXXARO.NS,Penny,-12.75,45.62,-65.45,-0.43
CAPILLARY.NS,Mid,-15.98,53.94,-35.67,-0.43
ZEEL.NS,Small,-14.49,50.12,-88.03,-0.43
SURYODAY.NS,Small,-12.41,45.14,-71.87,-0.43
YESBANK.NS,Penny,-19.62,61.75,-97.22,-0.43
BLAL.NS,Small,-10.94,41.54,-54.67,-0.43
NURECA.NS,Mid,-16.23,53.47,-90.23,-0.43
OSIAHYPER.NS,Penny,-17.04,56.34,-95.69,-0.43
NOIDATOLL.NS,Penny,-16.25,54.11,-89.15,-0.43
VLEGOV.NS,Penny,-20.34,63.55,-95.5,-0.43
KRSNAA.NS,Mid,-9.26,37.75,-63.31,-0.43
ISFT.NS,Small,-15.6,53.0,-97.4,-0.43
SETUINFRA.NS,Penny,-21.75,63.42,-98.1,-0.45
CRAMC.NS,Mid,-13.75,46.48,-37.73,-0.45
NAGAFERT.NS,Penny,-16.18,51.12,-90.19,-0.45
ANSALAPI.NS,Penny,-16.33,52.19,-91.66,-0.45
HPAL.NS,Penny,-10.59,39.31,-78.45,-0.45
PNGJL.NS,Mid,-10.6,39.28,-38.85,-0.45
MEDICAMEQ.NS,Mid,-15.78,50.56,-81.27,-0.45
VENTIVE.NS,Mid,-9.78,37.4,-33.52,-0.45
COFFEEDAY.NS,Penny,-19.44,58.58,-95.84,-0.45
BOROSCI.NS,Small,-14.24,45.74,-54.88,-0.46
DHRUV.NS,Penny,-16.42,50.67,-84.68,-0.46
HCL-INSYS.NS,Penny,-15.08,48.04,-95.06,-0.46
SCHAND.NS,Small,-14.26,46.19,-94.69,-0.46
KESORAMIND.NS,Penny,-19.76,58.11,-98.71,-0.46
XTGLOBAL.NS,Penny,-22.77,64.21,-48.71,-0.46
MANGALAM.NS,Penny,-17.46,51.74,-91.07,-0.47
TGBHOTELS.NS,Penny,-18.52,54.0,-98.22,-0.47
SICALLOG.NS,Small,-17.79,53.19,-78.88,-0.47
KROSS.NS,Small,-16.99,50.94,-40.48,-0.47
SWSOLAR.NS,Small,-17.95,51.95,-89.63,-0.48
GOPAL.NS,Mid,-11.13,37.44,-50.94,-0.48
ZEELEARN.NS,Penny,-16.73,49.85,-94.28,-0.48
BLUECOAST.NS,Penny,-12.75,41.2,-99.14,-0.48
TATVA.NS,Large,-11.93,39.12,-77.78,-0.48
SAHYADRI.NS,Mid,-12.03,39.7,-56.62,-0.48
LAKPRE.NS,Penny,-17.74,50.84,-98.1,-0.49
TREEHOUSE.NS,Penny,-20.48,55.72,-96.57,-0.49
CAMPUS.NS,Mid,-10.31,35.38,-66.05,-0.49
HMVL.NS,Small,-12.78,40.49,-87.6,-0.49
IGIL.NS,Mid,-15.21,45.53,-52.45,-0.49
SPANDANA.NS,Mid,-18.29,51.21,-86.46,-0.49
RUSTOMJEE.NS,Mid,-9.1,33.02,-51.74,-0.49
OMKARCHEM.NS,Penny,-22.7,59.25,-98.02,-0.5
FLAIR.NS,Mid,-11.95,38.27,-56.23,-0.5
RELCHEMQ.NS,Small,-14.06,41.06,-65.73,-0.51
RETAIL.NS,Penny,-25.25,63.84,-71.08,-0.51
ATL.NS,Penny,-18.75,50.89,-76.28,-0.51
PRIMO.NS,Penny,-13.8,40.13,-44.65,-0.52
MADHUCON.NS,Penny,-21.74,55.55,-97.51,-0.52
UFO.NS,Small,-15.64,43.49,-87.48,-0.52
VAKRANGEE.NS,Penny,-22.61,56.86,-98.97,-0.52
BILVYAPAR.NS,Penny,-21.59,55.32,-96.72,-0.52
ROLLT.NS,Penny,-23.05,57.88,-95.43,-0.52
ELIN.NS,Small,-17.91,47.25,-64.36,-0.53
LYPSAGEMS.NS,Penny,-22.9,56.54,-96.41,-0.53
RBA.NS,Small,-13.47,38.72,-70.55,-0.53
PRUDMOULI.NS,Penny,-21.27,53.34,-85.15,-0.53
ALLDIGI.NS,Mid,-11.87,35.37,-33.45,-0.53
SIGACHI.NS,Penny,-19.31,49.94,-81.44,-0.53
FABTECH.NS,Small,-24.1,58.98,-47.57,-0.53
SANSTAR.NS,Small,-14.86,40.17,-50.1,-0.54
KHADIM.NS,Small,-20.12,50.16,-91.92,-0.54
IPL.NS,Small,-15.27,41.48,-69.35,-0.54
SCPL.NS,Mid,-19.43,48.89,-72.32,-0.54
SABEVENTS.NS,Penny,-20.71,51.0,-99.58,-0.54
UMAEXPORTS.NS,Penny,-23.4,56.29,-86.89,-0.54
SANCO.NS,Penny,-24.14,58.17,-98.77,-0.54
VHLTD.NS,Small,-22.96,54.65,-98.48,-0.55
ORTINGLOBE.NS,Penny,-21.84,52.83,-58.3,-0.55
FUSION.NS,Small,-17.38,43.38,-80.28,-0.56
VIRINCHI.NS,Penny,-20.2,48.37,-73.08,-0.56
COMPINFO.NS,Penny,-26.59,59.48,-98.39,-0.56
GOYALALUM.NS,Penny,-18.28,44.85,-87.96,-0.56
SPENCERS.NS,Penny,-22.36,52.58,-88.37,-0.56
SHANTIGOLD.NS,Small,-18.47,45.58,-38.09,-0.56
CHEMPLASTS.NS,Mid,-16.4,41.31,-72.61,-0.57
NORTHARC.NS,Mid,-17.18,42.65,-48.6,-0.57
PREMIER.NS,Penny,-22.55,52.0,-96.7,-0.57
CPEDU.NS,Small,-25.6,56.6,-56.67,-0.58
BRNL.NS,Penny,-23.48,52.54,-91.76,-0.58
ENIL.NS,Small,-16.41,40.25,-89.21,-0.58
DISHTV.NS,Penny,-27.07,58.95,-98.3,-0.58
NUVOCO.NS,Mid,-11.06,31.09,-53.33,-0.58
MBEL.NS,Mid,-27.23,58.19,-55.96,-0.59
AEGISVOPAK.NS,Mid,-19.42,44.59,-44.9,-0.59
AMANTA.NS,Small,-15.02,37.56,-35.27,-0.59
LANCORHOL.NS,Penny,-28.05,59.14,-65.76,-0.59
AEGISVOPAK.NS,Small,-19.42,44.59,-44.9,-0.59
ANMOL.NS,Penny,-20.74,46.8,-86.97,-0.59
GPTHEALTH.NS,Small,-15.17,37.05,-40.4,-0.6
PRABHA.NS,Small,-21.94,48.29,-52.45,-0.6
LASA.NS,Penny,-28.74,59.12,-97.26,-0.6
AJAXENGG.NS,Mid,-15.84,38.23,-45.56,-0.6
JKIPL.NS,Small,-37.21,73.83,-61.29,-0.6
VITAL.NS,Small,-23.75,50.65,-78.34,-0.61
RACE.NS,Small,-20.65,45.09,-80.58,-0.61
RUBFILA.NS,Small,-15.02,36.16,-37.45,-0.61
RAJESHEXPO.NS,Small,-14.54,35.33,-91.53,-0.61
EXICOM.NS,Small,-28.78,58.83,-85.3,-0.61
GRINFRA.NS,Mid,-12.92,32.72,-62.56,-0.61
OBCL.NS,Small,-23.14,49.4,-71.53,-0.61
BLUSPRING.NS,Small,-24.3,50.95,-52.9,-0.61
SECURKLOUD.NS,Penny,-28.98,58.79,-98.34,-0.61
KPEL.NS,Mid,-24.93,51.45,-62.59,-0.62
FELDVR.NS,Penny,-31.72,62.26,-98.18,-0.62
CEIGALL.NS,Mid,-13.05,32.32,-43.46,-0.62
RCOM.NS,Penny,-33.12,64.82,-99.07,-0.62
IKS.NS,Large,-18.7,41.6,-40.58,-0.62
IBULLSLTD.NS,Penny,-40.02,75.28,-57.09,-0.62
GVPTECH.NS,Penny,-29.18,57.54,-98.8,-0.63
MUTHOOTMF.NS,Small,-16.68,37.05,-54.51,-0.64
UDS.NS,Small,-20.38,42.5,-70.54,-0.64
ARKADE.NS,Small,-20.03,41.98,-54.35,-0.64
SAURASHCEM.NS,Small,-24.91,49.67,-66.39,-0.64
KRIDHANINF.NS,Penny,-30.37,57.99,-99.17,-0.64
CLEAN.NS,Mid,-14.38,32.88,-74.94,-0.65
NOVAAGRI.NS,Penny,-26.77,51.82,-79.62,-0.65
GSLSU.NS,Small,-28.46,54.23,-85.48,-0.65
BAIDFIN.NS,Penny,-25.77,50.25,-79.48,-0.65
FLEXITUFF.NS,Penny,-29.29,56.05,-98.51,-0.65
MANBA.NS,Small,-17.78,38.1,-46.61,-0.65
GSLSU.NS,Penny,-28.46,54.23,-85.48,-0.65
SULA.NS,Small,-16.81,36.8,-78.65,-0.65
MAMATA.NS,Mid,-29.67,55.41,-52.45,-0.66
SUPREME.NS,Small,-30.6,56.94,-59.56,-0.66
SELMC.NS,Penny,-37.7,67.91,-99.89,-0.66
CIFL.NS,Penny,-21.3,42.89,-52.02,-0.66
AKUMS.NS,Mid,-20.45,41.58,-63.03,-0.66
ANUHPHR.NS,Small,-19.38,39.73,-40.99,-0.66
CAPTRUST.NS,Penny,-32.31,59.52,-98.03,-0.66
STARHEALTH.NS,Mid,-12.89,30.32,-62.17,-0.66
UNIMECH.NS,Mid,-24.09,47.26,-51.53,-0.66
FINOPB.NS,Small,-26.58,50.39,-79.32,-0.67
HEADSUP.NS,Penny,-30.76,56.02,-97.79,-0.67
PRAXIS.NS,Penny,-29.46,54.05,-95.77,-0.67
AYE.NS,Small,-41.98,72.81,-33.25,-0.67
LGEINDIA.NS,Large,-12.82,29.14,-21.96,-0.68
NIBE.NS,Large,-29.74,53.94,-57.22,-0.68
GATECH.NS,Penny,-32.16,57.57,-84.31,-0.68
TVSSCS.NS,Small,-19.33,38.84,-62.92,-0.68
RUDRA.NS,Penny,-41.42,71.57,-46.12,-0.68
OLAELEC.NS,Penny,-38.41,67.07,-84.42,-0.68
KAMOPAINTS.NS,Penny,-31.43,56.04,-93.76,-0.69
SINCLAIR.NS,Small,-22.47,42.86,-46.73,-0.69
NATCAPSUQ.NS,Small,-30.27,54.05,-48.16,-0.69
VALIANTORG.NS,Mid,-26.05,47.7,-89.32,-0.69
TRACXN.NS,Penny,-25.03,46.29,-78.05,-0.69
PARKHOTELS.NS,Small,-21.31,41.15,-57.38,-0.69
ORCHASP.NS,Penny,-36.47,62.51,-50.63,-0.7
CHEMCON.NS,Small,-20.79,39.67,-78.25,-0.7
SHIVALIK.NS,Mid,-25.01,45.66,-82.0,-0.7
SADBHAV.NS,Penny,-28.43,50.45,-98.56,-0.7
BOSCH-HCIL.NS,Large,-25.87,46.52,-30.42,-0.71
MUKKA.NS,Penny,-23.68,43.06,-65.9,-0.71
MEP.NS,Penny,-32.06,54.24,-99.39,-0.72
DIAMINESQ.NS,Mid,-24.44,43.95,-68.09,-0.72
TMPV.NS,Mid,-15.45,31.2,-28.97,-0.72
MANYAVAR.NS,Mid,-16.13,32.34,-76.47,-0.72
BIRLANU.NS,Large,-19.07,36.0,-48.95,-0.72
IL&FSTRANS.NS,Penny,-29.3,50.16,-99.25,-0.72
TRUALT.NS,Mid,-29.1,49.31,-39.8,-0.73
ORTEL.NS,Penny,-37.58,60.99,-99.89,-0.73
SADBHIN.NS,Penny,-29.65,50.52,-98.59,-0.73
AKI.NS,Penny,-31.85,53.27,-87.88,-0.73
VCL.NS,Penny,-35.51,57.07,-96.16,-0.74
HERANBA.NS,Small,-23.42,41.3,-81.1,-0.74
CRIZAC.NS,Mid,-28.82,48.27,-51.17,-0.74
HERANBA.NS,Mid,-23.42,41.3,-81.1,-0.74
CRIZAC.NS,Small,-28.82,48.27,-51.17,-0.74
IRMENERGY.NS,Small,-26.75,45.15,-70.64,-0.75
PLAZACABLE.NS,Penny,-24.65,42.33,-82.95,-0.75
IRMENERGY.NS,Mid,-26.75,45.15,-70.64,-0.75
BLSE.NS,Small,-28.67,46.75,-67.53,-0.76
TVVISION.NS,Penny,-33.08,52.65,-99.69,-0.76
RADIOCITY.NS,Penny,-22.28,37.85,-93.49,-0.77
WAAREEINDO.NS,Mid,-54.38,78.83,-99.88,-0.78
WCIL.NS,Small,-25.24,41.13,-57.28,-0.78
IDEAFORGE.NS,Mid,-30.76,48.56,-74.95,-0.78
DAVANGERE.NS,Penny,-35.03,53.98,-71.81,-0.78
JUNIPER.NS,Mid,-25.9,41.69,-63.64,-0.79
SUYOG.NS,Mid,-31.3,48.48,-72.04,-0.79
BMWVENTLTD.NS,Small,-27.28,43.38,-32.69,-0.79
SWIGGY.NS,Mid,-29.93,46.07,-56.47,-0.8
ATAM.NS,Small,-32.29,49.28,-80.45,-0.8
PAUSHAKLTD.NS,Mid,-33.97,50.57,-43.74,-0.81
KALAMANDIR.NS,Small,-29.18,44.87,-69.83,-0.81
AFCONS.NS,Mid,-21.54,34.81,-49.99,-0.82
FLFL.NS,Penny,-33.72,49.82,-99.77,-0.82
VALIANTLAB.NS,Small,-30.85,46.36,-75.13,-0.82
SUNDROP.NS,Mid,-19.88,32.96,-39.69,-0.82
GLOSTERLTD.NS,Mid,-19.09,32.01,-42.64,-0.82
RADIANTCMS.NS,Penny,-22.49,35.75,-67.43,-0.82
GTECJAINX.NS,Penny,-40.16,57.21,-87.16,-0.82
ASTRON.NS,Penny,-33.09,48.79,-98.01,-0.82
INDOFARM.NS,Small,-38.41,55.14,-59.99,-0.82
VPRPL.NS,Penny,-37.5,53.71,-91.06,-0.83
SITINET.NS,Penny,-36.97,52.07,-99.29,-0.84
FEL.NS,Penny,-43.77,60.15,-99.77,-0.84
LOYALTEX.NS,Mid,-35.5,50.48,-82.1,-0.84
JNKINDIA.NS,Mid,-34.71,49.84,-76.88,-0.84
GKENERGY.NS,Small,-42.2,58.87,-61.34,-0.84
BOHRAIND.NS,Penny,-37.07,52.75,-99.12,-0.84
MTEDUCARE.NS,Penny,-38.58,53.65,-99.37,-0.85
ALLTIME.NS,Mid,-33.4,47.29,-42.87,-0.85
UNIECOM.NS,Small,-35.53,49.99,-67.39,-0.85
ALLTIME.NS,Small,-33.4,47.29,-42.87,-0.85
PVRINOX.NS,Mid,-18.0,29.15,-55.73,-0.86
JSWCEMENT.NS,Small,-20.32,31.63,-32.14,-0.86
TARSONS.NS,Mid,-26.69,39.19,-80.81,-0.86
CEMPRO.NS,Mid,-29.65,42.23,-40.92,-0.87
HGM.NS,Penny,-39.07,52.59,-44.97,-0.88
HGM.NS,Small,-39.07,52.59,-44.97,-0.88
TOLINS.NS,Small,-37.32,50.41,-65.81,-0.88
AQYLON.NS,Penny,-48.23,62.57,-99.86,-0.88
URBANCO.NS,Small,-32.38,44.97,-44.82,-0.88
AQYLON.NS,Small,-48.23,62.57,-99.86,-0.88
BELLACASA.NS,Mid,-40.56,53.59,-52.31,-0.89
IKIO.NS,Small,-30.84,42.47,-76.73,-0.89
INDOUS.NS,Small,-48.07,62.09,-73.98,-0.89
VIKRAN.NS,Small,-40.08,53.14,-54.82,-0.89
TINNARUBR.NS,Mid,-28.72,40.3,-49.27,-0.89
MASTERTR.NS,Small,-43.86,57.01,-69.89,-0.89
GANDHAR.NS,Small,-26.08,36.78,-61.9,-0.9
TRANSWORLD.NS,Small,-41.59,54.25,-75.45,-0.9
VRAJ.NS,Small,-31.21,42.04,-66.46,-0.91
MCLOUD.NS,Penny,-58.86,71.18,-79.66,-0.93
SURAKSHA.NS,Mid,-25.28,34.24,-45.55,-0.94
OSWALPUMPS.NS,Mid,-36.86,46.74,-66.83,-0.94
ORKLAINDIA.NS,Mid,-22.32,31.33,-24.69,-0.94
HALDER.NS,Mid,-29.22,38.45,-14.85,-0.94
CAPITALSFB.NS,Mid,-20.84,28.93,-51.14,-0.96
HEXT.NS,Mid,-30.97,39.64,-53.95,-0.96
PACEDIGITK.NS,Small,-33.36,42.09,-37.82,-0.96
FINKURVE.NS,Small,-57.03,66.62,-59.3,-0.96
PNGSREVA.NS,Mid,-50.15,59.15,-19.41,-0.97
CELLO.NS,Mid,-22.3,30.23,-60.7,-0.97
WEWORK.NS,Mid,-26.32,34.25,-34.15,-0.97
INDIGOPNTS.NS,Mid,-22.55,30.24,-76.98,-0.98
UYFINCORP.NS,Penny,-44.21,52.36,-66.49,-0.98
MOBIKWIK.NS,Mid,-51.76,59.86,-75.72,-0.98
SEYAIND.NS,Penny,-42.41,50.06,-98.07,-0.99
REGAAL.NS,Small,-48.98,56.48,-55.4,-0.99
ECOSMOBLTY.NS,Small,-51.12,58.93,-82.08,-0.99
FIRSTCRY.NS,Mid,-45.17,52.29,-71.18,-1.0
SUDEEPPHRM.NS,Mid,-38.58,45.5,-31.54,-1.0
TRU.NS,Penny,-51.62,57.91,-94.44,-1.01
AKSHAR.NS,Penny,-48.39,54.56,-96.51,-1.02
VSTL.NS,Small,-43.2,49.19,-77.09,-1.02
PATELRMART.NS,Mid,-43.68,49.62,-47.44,-1.02
UTKARSHBNK.NS,Penny,-37.03,43.37,-84.02,-1.02
DBEIL.NS,Small,-40.93,46.81,-73.58,-1.02
JAYKAY.NS,Small,-50.85,56.89,-44.11,-1.02
DREAMFOLKS.NS,Small,-37.96,43.98,-92.97,-1.02
CNL.NS,Mid,-29.86,36.17,-32.3,-1.02
LOTUSDEV.NS,Small,-38.99,44.7,-50.97,-1.03
GOCOLORS.NS,Mid,-28.89,34.75,-83.09,-1.03
SUVIDHAA.NS,Penny,-50.81,56.07,-97.84,-1.03
EXCELSOFT.NS,Small,-56.83,61.2,-47.04,-1.04
LTM.NS,Large,-33.39,38.34,-20.58,-1.05
BHARATCOAL.NS,Penny,-41.73,45.96,-26.43,-1.06
CEWATER.NS,Mid,-50.87,54.63,-70.83,-1.06
MARKOLINES.NS,Small,-32.49,37.37,-27.31,-1.06
EMBDL.NS,Penny,-45.43,49.68,-74.71,-1.06
RKSWAMY.NS,Small,-39.91,43.8,-77.42,-1.07
SVPGLOB.NS,Penny,-52.09,55.04,-98.52,-1.07
FISCHER.NS,Penny,-57.26,59.34,-71.8,-1.08
SRD.NS,Penny,-46.13,48.93,-65.31,-1.09
SKFINDUS.NS,Large,-30.04,34.05,-23.44,-1.09
HMAAGRO.NS,Penny,-68.09,67.98,-96.1,-1.1
TIGERLOGS.NS,Penny,-55.54,56.55,-54.07,-1.11
MUFTI.NS,Small,-44.97,46.48,-78.93,-1.12
SADHNANIQ.NS,Penny,-74.11,72.36,-98.88,-1.12
DIGIDRIVE.NS,Penny,-47.47,48.2,-82.88,-1.13
PVSL.NS,Small,-39.5,40.39,-70.59,-1.15
DEVX.NS,Penny,-54.22,53.14,-51.88,-1.15
GLOTTIS.NS,Small,-51.25,50.19,-54.44,-1.16
GLOTTIS.NS,Penny,-51.25,50.19,-54.44,-1.16
KALPATARU.NS,Mid,-34.49,35.87,-40.2,-1.16
SUDARCOLOR.NS,Mid,-57.68,55.49,-38.69,-1.17
JARO.NS,Mid,-63.14,59.27,-50.8,-1.18
INDIQUBE.NS,Small,-36.35,36.73,-43.87,-1.18
DAMCAPITAL.NS,Small,-52.58,50.59,-70.63,-1.18
PWL.NS,Small,-59.26,55.85,-48.75,-1.19
RAJOOENG.NS,Small,-53.78,51.02,-67.38,-1.19
PINELABS.NS,Small,-46.69,44.94,-39.11,-1.19
ESAFSFB.NS,Penny,-35.52,35.46,-74.39,-1.2
VIKRAMSOLR.NS,Mid,-50.76,48.3,-56.25,-1.2
LAXMIDENTL.NS,Small,-57.34,53.42,-71.26,-1.2
BALAJEE.NS,Penny,-49.12,46.32,-78.55,-1.21
BAJAJHFL.NS,Small,-31.34,31.33,-59.73,-1.22
HDBFS.NS,Mid,-23.35,24.79,-35.02,-1.22
GEMAROMA.NS,Small,-60.86,55.72,-57.8,-1.22
AARNAV.NS,Penny,-61.72,56.43,-22.34,-1.22
TCC.NS,Mid,-74.73,66.3,-30.32,-1.23
MFML.NS,Penny,-60.28,54.6,-81.18,-1.23
SOLARWORLD.NS,Small,-59.9,54.39,-57.88,-1.23
KWIL.NS,Penny,-53.87,49.2,-23.62,-1.24
STUDDS.NS,Mid,-27.19,27.56,-22.55,-1.24
GLOBECIVIL.NS,Penny,-56.51,50.54,-64.15,-1.26
ADVENTHTL.NS,Small,-80.73,69.75,-61.93,-1.26
RAYMONDLSL.NS,Mid,-55.51,49.21,-74.29,-1.27
GANESHCP.NS,Small,-52.77,47.15,-48.67,-1.27
FILATFASH.NS,Penny,-70.7,61.07,-94.98,-1.27
DSFCL.NS,Penny,-98.09,82.53,-63.45,-1.27
NAVKARURB.NS,Penny,-63.58,54.96,-82.71,-1.28
AFFORDABLE.NS,Small,-61.1,52.82,-83.57,-1.29
ABLBL.NS,Small,-39.8,35.72,-46.58,-1.31
GANESHHOU.NS,Mid,-41.97,36.97,-42.61,-1.32
RAYMONDREL.NS,Mid,-62.13,52.42,-63.13,-1.32
AURIGROW.NS,Penny,-67.05,56.18,-78.13,-1.32
TATATECH.NS,Mid,-28.54,26.81,-60.23,-1.33
MODIS.NS,Mid,-38.16,33.68,-26.63,-1.34
BRIGHOTEL.NS,Small,-30.16,27.46,-38.73,-1.35
TSFINV.NS,Mid,-55.36,45.19,-50.37,-1.38
ELLEN.NS,Mid,-60.15,48.22,-70.57,-1.39
SYSTMTXC.NS,Small,-71.31,56.16,-68.79,-1.39
WAKEFIT.NS,Small,-54.67,44.01,-32.4,-1.4
IGCL.NS,Small,-50.64,41.14,-54.44,-1.4
AGSTRA.NS,Penny,-61.91,49.08,-98.61,-1.4
STANLEY.NS,Small,-48.99,39.61,-79.63,-1.41
SSDL.NS,Small,-49.59,40.13,-75.97,-1.41
MEIL.NS,Mid,-59.92,47.19,-62.5,-1.42
PROTEAN.NS,Mid,-56.08,44.16,-69.3,-1.43
DIGITIDE.NS,Small,-65.07,50.27,-72.81,-1.43
CPCAP.NS,Small,-70.51,53.58,-82.61,-1.45
DHARAN.NS,Penny,-78.73,58.97,-81.97,-1.45
RVTH.NS,Mid,-64.43,49.31,-85.45,-1.45
RNBDENIMS.NS,Penny,-77.15,57.58,-78.71,-1.46
EFCIL.NS,Mid,-56.82,42.52,-48.11,-1.5
EFCIL.NS,Small,-56.82,42.52,-48.11,-1.5
GATECHDVR.NS,Penny,-73.01,52.93,-97.64,-1.51
INNOVISION.NS,Mid,-92.81,65.54,-17.39,-1.52
ODIGMA.NS,Penny,-68.78,48.59,-85.29,-1.56
GLOBALE.NS,Penny,-65.62,44.92,-86.29,-1.62
SRTL.NS,Penny,-95.83,61.65,-42.73,-1.67
COHANCE.NS,Mid,-65.89,42.89,-74.76,-1.7
STYL.NS,Mid,-63.67,41.02,-50.35,-1.72
ALGOQUANT.NS,Small,-56.36,36.88,-28.06,-1.72
HILINFRA.NS,Small,-68.05,43.3,-67.64,-1.73
VMSTMT.NS,Penny,-74.48,47.07,-65.37,-1.73
HILINFRA.NS,Penny,-68.05,43.3,-67.64,-1.73
BCPL.NS,Small,-71.73,40.93,-10.09,-1.92
